global_uid,global_aqi_snapshot,global_snapshot_utc,station_idx,station_name,station_url,lat,lon,aqi,dominentpol,pm25,pm10,o3,no2,so2,co,t,h,p,w,dew,rain,uv,station_time,station_tz,station_unix,ingested_at_utc
13653,67.0,2025-11-24 20:43:16,2616,"Sri Aman, Sarawak, Malaysia",https://aqicn.org/city/malaysia/sarawak/sri-aman,1.219656,111.464792,25,,,,,,,,32.0,70.0,1005.0,1.0,26.0,,,2025-11-28 15:00:00,+08:00,1764342000,2025-11-28 08:15:54
13841,31.0,2025-11-24 20:43:16,2606,"Tawau, Sabah, Malaysia",https://aqicn.org/city/malaysia/sabah/tawau,4.249786,117.935864,39,,,,,,,,31.0,74.0,1006.0,2.5,26.0,,,2025-11-28 15:00:00,+08:00,1764342000,2025-11-28 08:15:54
13651,89.0,2025-11-24 20:43:16,2616,"Sri Aman, Sarawak, Malaysia",https://aqicn.org/city/malaysia/sarawak/sri-aman,1.219656,111.464792,25,,,,,,,,32.0,70.0,1005.0,1.0,26.0,,,2025-11-28 15:00:00,+08:00,1764342000,2025-11-28 08:15:55
13647,59.0,2025-11-24 20:43:16,2616,"Sri Aman, Sarawak, Malaysia",https://aqicn.org/city/malaysia/sarawak/sri-aman,1.219656,111.464792,25,,,,,,,,32.0,70.0,1005.0,1.0,26.0,,,2025-11-28 15:00:00,+08:00,1764342000,2025-11-28 08:15:55
13655,56.0,2025-11-24 20:43:16,2613,"Samarahan, Sarawak, Malaysia",https://aqicn.org/city/malaysia/sarawak/samarahan,1.454853,110.491505,23,,,,,,,,24.0,94.0,1008.0,1.5,23.0,,,2025-11-28 15:00:00,+08:00,1764342000,2025-11-28 08:15:55
8294,25.0,2025-11-24 20:43:16,9495,"Pengerang, Johor, Malaysia",https://aqicn.org/city/malaysia/johor/pengerang,1.389489,104.149586,35,,,,,,,,28.5,72.0,1008.0,3.8,23.0,,,2025-11-28 15:00:00,+08:00,1764342000,2025-11-28 08:15:55
10490,45.0,2025-11-24 20:43:16,2616,"Sri Aman, Sarawak, Malaysia",https://aqicn.org/city/malaysia/sarawak/sri-aman,1.219656,111.464792,25,,,,,,,,32.0,70.0,1005.0,1.0,26.0,,,2025-11-28 15:00:00,+08:00,1764342000,2025-11-28 08:15:56
8289,85.0,2025-11-24 20:43:16,1663,"South, Singapore",https://aqicn.org/city/singapore/south,1.296183,103.846181,21,pm25,21.0,16.0,7.0,,3.0,4.0,28.0,78.0,1008.0,2.0,24.0,,,2025-11-28 16:00:00,+08:00,1764345600,2025-11-28 08:15:57
8292,14.0,2025-11-24 20:43:16,2616,"Sri Aman, Sarawak, Malaysia",https://aqicn.org/city/malaysia/sarawak/sri-aman,1.219656,111.464792,25,,,,,,,,32.0,70.0,1005.0,1.0,26.0,,,2025-11-28 15:00:00,+08:00,1764342000,2025-11-28 08:15:57
14903,79.0,2025-11-24 20:43:16,1663,"South, Singapore",https://aqicn.org/city/singapore/south,1.296183,103.846181,21,pm25,21.0,16.0,7.0,,3.0,4.0,28.0,78.0,1008.0,2.0,24.0,,,2025-11-28 16:00:00,+08:00,1764345600,2025-11-28 08:15:57
13650,19.0,2025-11-24 20:43:16,1663,"South, Singapore",https://aqicn.org/city/singapore/south,1.296183,103.846181,21,pm25,21.0,16.0,7.0,,3.0,4.0,28.0,78.0,1008.0,2.0,24.0,,,2025-11-28 16:00:00,+08:00,1764345600,2025-11-28 08:15:57
13644,59.0,2025-11-24 20:43:16,1663,"South, Singapore",https://aqicn.org/city/singapore/south,1.296183,103.846181,21,pm25,21.0,16.0,7.0,,3.0,4.0,28.0,78.0,1008.0,2.0,24.0,,,2025-11-28 16:00:00,+08:00,1764345600,2025-11-28 08:15:57
11755,,2025-11-24 20:43:16,2589,"Port Dickson, Negeri Sembilan, Malaysia",https://aqicn.org/city/malaysia/negeri-sembilan/port-dickson,2.441383,101.866858,33,,,,,,,,25.0,88.0,1008.0,3.6,23.0,,,2025-11-28 15:00:00,+08:00,1764342000,2025-11-28 08:15:58
1868,79.0,2025-11-24 20:43:16,1868,"Provincial Administrative Stadium, Lamphun, Thailand (สนามกีฬาองค์การบริหารส่วนจังหวัดลำพูน)",https://aqicn.org/city/thailand/lamphun/provincial-administrative-stadium,18.567194,99.038639,102,pm25,102.0,82.0,14.6,7.5,0.6,,25.5,26.0,1014.0,4.3,5.0,,,2025-11-28 15:00:00,+07:00,1764342000,2025-11-28 08:15:58
1827,,2025-11-24 20:43:16,1827,"Municipal Health Center 1, Phuket, Thailand (ศูนย์บริการสาธารณสุข 1 กองการแพทย์ เทศบาลนครภูเก็ต)",https://aqicn.org/city/thailand/phuket/municipal-health-center-1,7.884488,98.391283,56,pm25,56.0,26.0,,2.4,0.6,,30.5,60.0,1008.0,3.3,22.0,,,2025-11-28 14:00:00,+07:00,1764338400,2025-11-28 08:15:58
13645,23.0,2025-11-24 20:43:16,2609,"Kapit, Sarawak, Malaysia",https://aqicn.org/city/malaysia/sarawak/kapit,2.014498,112.92736,55,,,,,,,,,,,,,,,2025-11-28 15:00:00,+08:00,1764342000,2025-11-28 08:15:59
9587,,2025-11-24 20:43:16,9587,"Chiangrai - Gaia Station 07, Thailand",https://aqicn.org/city/thailand/chiangrai---gaia-station-07,19.858547,99.90148,61,pm25,61.0,18.1,,,,,24.0,29.0,1016.0,4.6,5.0,,,2025-11-28 15:00:00,+07:00,1764342000,2025-11-28 08:15:59
8293,90.0,2025-11-24 20:43:16,2606,"Tawau, Sabah, Malaysia",https://aqicn.org/city/malaysia/sabah/tawau,4.249786,117.935864,39,,,,,,,,31.0,74.0,1006.0,2.5,26.0,,,2025-11-28 15:00:00,+08:00,1764342000,2025-11-28 08:16:00
8342,27.0,2025-11-24 20:43:16,2616,"Sri Aman, Sarawak, Malaysia",https://aqicn.org/city/malaysia/sarawak/sri-aman,1.219656,111.464792,25,,,,,,,,32.0,70.0,1005.0,1.0,26.0,,,2025-11-28 15:00:00,+08:00,1764342000,2025-11-28 08:16:00
6818,87.0,2025-11-24 20:43:16,6818,"Regional Environmental Office 8, Thailand (สำนักงานสิ่งแวดล้อมภาคที่ 8 ราชบุรี)",https://aqicn.org/city/thailand/regional-environmental-office-8,13.5234,99.814082,69,pm25,69.0,25.0,12.7,2.9,0.6,0.1,27.7,29.7,1011.7,1.0,8.4,,,2025-11-28 15:00:00,+07:00,1764342000,2025-11-28 08:16:01
8287,31.0,2025-11-24 20:43:16,2597,"Seri Manjung, Perak, Malaysia",https://aqicn.org/city/malaysia/perak/seri-manjung,4.200344,100.663358,42,,,,,,,,24.0,94.0,1009.0,1.5,23.0,,,2025-11-28 16:00:00,+08:00,1764345600,2025-11-28 08:16:01
13654,,2025-11-24 20:43:16,6442,Winnellie,https://aqicn.org/city/australia/northen/winnellie,-12.424323299931126,130.89335024356842,21,pm25,21.0,14.0,3.7,1.0,1.1,2.5,32.6,67.0,1002.4,11.405000000000001,25.9,12.8,,2025-11-28 17:00:00,+09:30,1764349200,2025-11-28 08:16:02
1823,66.0,2025-11-24 20:43:16,1823,"Lampang Meteorological Station, Thailand (สถานีอุตุนิยมวิทยาลำปาง)",https://aqicn.org/city/thailand/lampang-meteorological-station,18.2783333,99.5064666,66,pm25,66.0,75.0,11.5,1.8,0.6,0.1,25.2,41.0,987.2,0.5,11.0,,,2025-11-28 14:00:00,+07:00,1764338400,2025-11-28 08:16:02
8646,25.0,2025-11-24 20:43:16,1827,"Municipal Health Center 1, Phuket, Thailand (ศูนย์บริการสาธารณสุข 1 กองการแพทย์ เทศบาลนครภูเก็ต)",https://aqicn.org/city/thailand/phuket/municipal-health-center-1,7.884488,98.391283,56,pm25,56.0,26.0,,2.4,0.6,,30.5,60.0,1008.0,3.3,22.0,,,2025-11-28 14:00:00,+07:00,1764338400,2025-11-28 08:16:02
1829,14.0,2025-11-24 20:43:16,1829,"Natural Resources and Environment Office, Mae Hongson, Thailand (สำนักงานทรัพยากรธรรมชาติและสิ่งแวดล้อมจังหวัดแม่ฮ่องสอน)",https://aqicn.org/city/thailand/mae-hongson/natural-resources-and-environment-office,19.30455,97.97165,38,pm25,38.0,23.0,4.8,3.5,,0.1,23.2,50.3,983.7,1.0,12.3,,,2025-11-28 15:00:00,+07:00,1764342000,2025-11-28 08:16:03
13628,62.0,2025-11-24 20:43:16,13628,"Polytechnic College, Trang, Thailand (วิทยาลัยสารพัดช่างตรัง)",https://aqicn.org/city/thailand/trang/polytechnic-college,7.570238,99.588743,30,pm25,30.0,15.0,,0.6,,0.1,30.0,58.6,1007.6,3.0,21.0,1.5,,2025-11-28 15:00:00,+07:00,1764342000,2025-11-28 08:16:04
13576,,2025-11-24 20:43:16,13576,"Prachuap Khiri Khan - Gaia Station 10, Thailand",https://aqicn.org/city/thailand/prachuap-khiri-khan/gaia-10,11.80027,99.790596,61,pm25,61.0,19.6,,,,,27.5,39.7,1012.2,2.0,12.6,,,2025-11-28 15:00:00,+07:00,1764342000,2025-11-28 08:16:04
1828,60.0,2025-11-24 20:43:16,1828,"Natural Resources and Environment Office, Chiangrai, Thailand (สำนักงานทรัพยากรธรรมชาติและสิ่งแวดล้อมจังหวัดเชียงราย)",https://aqicn.org/city/thailand/chiangrai/natural-resources-and-environment-office,19.909217,99.823467,73,pm25,73.0,31.0,12.7,0.6,,0.1,22.7,39.0,980.0,2.0,,,,2025-11-28 15:00:00,+07:00,1764342000,2025-11-28 08:16:04
9013,65.0,2025-11-24 20:43:16,9013,"Mae Pa,Mae Sot,Tak, Thailand (ต.แม่ปะ อ.แม่สอด จ.ตาก)",https://aqicn.org/city/thailand/tak/mae-sot/mae-pa,16.734413,98.566961,63,pm25,63.0,79.0,4.8,12.1,,0.1,25.7,46.0,1000.3,2.0,13.2,,,2025-11-28 14:00:00,+07:00,1764338400,2025-11-28 08:16:04
8325,43.0,2025-11-24 20:43:16,8325,"Health Promotion Hospital Ta See, Lampang, Thailand (โรงพยาบาลส่งเสริมสุขภาพตำบลบ้านท่าสี ลำปาง)",https://aqicn.org/city/thailand/lampang/health-promotion-hospital-ta-see,18.4267833,99.7576333,62,pm25,62.0,12.0,0.8,1.2,0.6,0.1,25.2,41.0,987.2,0.5,11.0,,,2025-11-28 14:00:00,+07:00,1764338400,2025-11-28 08:16:04
2583,22.0,2025-11-24 20:43:16,2583,"Langkawi, Kedah, Malaysia",https://aqicn.org/city/malaysia/kedah/langkawi,6.331539,99.85846,54,,,,,,,,29.0,70.0,1008.0,1.0,23.0,,,2025-11-28 01:00:00,+08:00,1764291600,2025-11-28 08:16:04
10481,79.0,2025-11-24 20:43:16,10481,"Pak Prak, Kanchanaburi, Kanchanaburi, Thailand (ต.ปากแพรก อ.เมือง จ.กาญจนบุรี)",https://aqicn.org/city/thailand/kanchanaburi/kanchanaburi/pak-prak,14.022376,99.536195,83,pm25,83.0,47.0,6.7,,,0.1,28.0,23.3,1010.3,4.1,5.1,,,2025-11-28 15:00:00,+07:00,1764342000,2025-11-28 08:16:05
1822,55.0,2025-11-24 20:43:16,1822,"Yupparaj Wittayalai School, Chiangmai, Thailand (โรงเรียนยุพราชวิทยาลัย)",https://aqicn.org/city/thailand/chiangmai/yupparaj-wittayalai-school,18.7909333,98.99,31,pm25,31.0,82.0,14.6,7.5,0.6,,26.7,27.1,979.6,2.0,6.2,,,2025-11-28 15:00:00,+07:00,1764342000,2025-11-28 08:16:05
1826,,2025-11-24 20:43:16,1826,"Regional Environmental Office 14, Surat Thani, Thailand (สำนักงานสิ่งแวดล้อมภาคที่ 14)",https://aqicn.org/city/thailand/surat-thani/regional-environmental-office-14,9.126017,99.325145,54,pm25,54.0,48.0,4.4,,0.6,0.1,28.3,82.2,1011.1,2.0,,,,2025-11-28 14:00:00,+07:00,1764338400,2025-11-28 08:16:06
1831,70.0,2025-11-24 20:43:16,1831,"Knowledge Park, Phayao, Thailand (อุทยานการเรียนรู้กว๊านพะเยา)",https://aqicn.org/city/thailand/phayao/knowledge-park,19.200226,99.893048,62,pm25,62.0,77.0,13.1,6.4,,0.1,22.7,39.0,980.0,2.0,,,,2025-11-28 15:00:00,+07:00,1764342000,2025-11-28 08:16:06
1852,,2025-11-24 20:43:16,10482,"Phiman, Satun, Satun, Thailand (ต.พิมาน อ.เมือง จ.สตูล)",https://aqicn.org/city/thailand/satun/satun/phiman,6.624747,100.066159,54,pm25,54.0,21.0,6.4,1.8,0.6,0.1,28.0,69.0,1008.0,3.6,22.0,,,2025-11-28 14:00:00,+07:00,1764338400,2025-11-28 08:16:06
13629,,2025-11-24 20:43:16,13629,"Elderly Health Rehabilitation Center, Thailand (ศูนย์ฟื้นฟูสุขภาพผู้สูงอายุ)",https://aqicn.org/city/thailand/elderly-health-rehabilitation-center,8.426923,99.961469,53,pm25,53.0,28.0,,3.5,,0.1,28.2,63.0,1009.6,3.0,20.5,99.9,,2025-11-28 14:00:00,+07:00,1764338400,2025-11-28 08:16:08
5191,55.0,2025-11-24 20:43:16,5191,Wuzhishan (五指山),https://aqicn.org/city/wuzhishan,18.775147,109.516925,47,o3,46.0,36.0,47.2,2.8,4.1,2.7,25.0,38.0,1013.0,3.6,,,,2025-11-28 15:00:00,+08:00,1764342000,2025-11-28 08:16:08
2597,27.0,2025-11-24 20:43:16,2597,"Seri Manjung, Perak, Malaysia",https://aqicn.org/city/malaysia/perak/seri-manjung,4.200344,100.663358,42,,,,,,,,24.0,94.0,1009.0,1.5,23.0,,,2025-11-28 16:00:00,+08:00,1764345600,2025-11-28 08:16:08
13648,27.0,2025-11-24 20:43:16,2613,"Samarahan, Sarawak, Malaysia",https://aqicn.org/city/malaysia/sarawak/samarahan,1.454853,110.491505,23,,,,,,,,24.0,94.0,1008.0,1.5,23.0,,,2025-11-28 15:00:00,+08:00,1764342000,2025-11-28 08:16:09
2600,26.0,2025-11-24 20:43:16,2600,"Perai, Pulau Pinang, Malaysia",https://aqicn.org/city/malaysia/pulau-pinang/perai,5.329358,100.443475,55,,,,,,,,26.0,78.0,1009.0,1.5,22.0,,,2025-11-28 11:00:00,+08:00,1764327600,2025-11-28 08:16:09
8324,63.0,2025-11-24 20:43:16,8324,"Health Promotion Hospital Sob Pad, Lampang, Thailand (โรงพยาบาลส่งเสริมสุขภาพตำบลบ้านสบป้าด ลำปาง)",https://aqicn.org/city/thailand/lampang/health-promotion-hospital-sob-pad,18.2508166,99.76395,60,pm25,60.0,11.0,17.4,0.6,0.6,0.1,25.2,41.0,987.2,0.5,11.0,,,2025-11-28 14:00:00,+07:00,1764338400,2025-11-28 08:16:09
12797,111.0,2025-11-24 20:43:16,12797,"Nai Mueang,Mueang,Ubon Ratchathani , Thailand (ต.ในเมือง อ.เมือง จ.อุบลราชธานี)",https://aqicn.org/city/thailand/ubon-ratchathani/mueang/nai-mueang,15.245413,104.846219,64,pm25,64.0,53.0,9.5,4.1,0.6,0.1,27.0,39.0,1011.0,5.1,12.0,,,2025-11-28 15:00:00,+07:00,1764342000,2025-11-28 08:16:10
5193,114.0,2025-11-24 20:43:16,5193,Qionghai (琼海),https://aqicn.org/city/qionghai,19.258404,110.47465,68,pm25,68.0,50.0,53.2,4.2,3.1,3.0,22.0,46.0,1016.0,7.7,,,,2025-11-28 15:00:00,+08:00,1764342000,2025-11-28 08:16:10
2625,31.0,2025-11-24 20:43:16,2625,"Batu Muda,Kuala Lumpur, Wilayah Persekutuan, Malaysia",https://aqicn.org/city/malaysia/wilayah-persekutuan/batu-muda-kuala-lumpur,3.212439,101.682228,28,,,,,,,,24.0,94.0,1009.0,2.5,23.0,,,2025-11-28 15:00:00,+08:00,1764342000,2025-11-28 08:16:10
1854,,2025-11-24 20:43:16,1854,"Municipal Waste Water Pumping Station, Nakhon Ratchasima, Thailand (สถานีสูบน้ำเสีย เทศบาลนครราชสีมา)",https://aqicn.org/city/thailand/nakhon-ratchasima/municipal-waste-water-pumping-station,14.979537,102.098335,67,pm25,67.0,,,4.7,,,25.2,63.2,991.8,2.5,17.7,,,2025-11-28 13:00:00,+07:00,1764334800,2025-11-28 08:16:11
13630,116.0,2025-11-24 20:43:16,13630,"Meteorological stations, Nakhon Phanom, Thailand (สถานีอุตุนิยมวิทยานครพนม)",https://aqicn.org/city/thailand/nakhon-phanom/meteorological-stations,17.412345,104.7786123,71,pm25,71.0,52.0,20.5,12.7,8.0,0.1,27.0,31.6,996.2,1.0,8.7,,,2025-11-28 14:00:00,+07:00,1764338400,2025-11-28 08:16:11
2607,54.0,2025-11-24 20:43:16,2607,"Bintulu, Sarawak, Malaysia",https://aqicn.org/city/malaysia/sarawak/bintulu,3.177084,113.041091,55,,,,,,,,26.0,94.0,1007.0,1.0,25.0,,,2025-11-28 15:00:00,+08:00,1764342000,2025-11-28 08:16:12
2618,13.0,2025-11-24 20:43:16,2618,"Kuala Selangor, Selangor, Malaysia",https://aqicn.org/city/malaysia/selangor/kuala-selangor,3.321308,101.256242,21,,,,,,,,25.5,87.8,1008.3,2.1,,,,2025-11-28 15:00:00,+08:00,1764342000,2025-11-28 08:16:13
8288,112.0,2025-11-24 20:43:16,2586,"Bandaraya Melaka, Melaka, Malaysia",https://aqicn.org/city/malaysia/melaka/bandaraya-melaka,2.190936,102.257058,20,,,,,,,,28.1,85.2,1009.1,3.1,,,,2025-11-28 15:00:00,+08:00,1764342000,2025-11-28 08:16:13
13632,,2025-11-24 20:43:16,5107,"Government Center, Rayong, Thailand (ศูนย์ราชการระยอง)",https://aqicn.org/city/thailand/rayong/government-center,12.7066,101.18055,71,pm25,71.0,34.0,7.5,11.0,2.2,0.1,28.0,45.0,1009.0,5.6,15.0,,,2025-11-28 15:00:00,+07:00,1764342000,2025-11-28 08:16:13
8115,12.0,2025-11-24 20:43:16,8115,"Brunei Muara, Brunei",https://aqicn.org/city/brunei/brunei-muara,4.9311206,114.9516869,2,,,,,,,,23.0,100.0,1011.0,2.0,23.0,,,2025-11-28 11:00:00,+08:00,1764327600,2025-11-28 08:16:13
12760,16.0,2025-11-24 20:43:16,12760,"Betong, Thailand (ต.เบตง อ.เบตง จ.ยะลา)",https://aqicn.org/city/thailand/betong,5.763873,101.067903,47,pm25,47.0,,,,,,26.0,78.0,1008.0,1.0,22.0,,,2025-11-28 15:00:00,+07:00,1764342000,2025-11-28 08:16:13
2599,19.0,2025-11-24 20:43:16,10482,"Phiman, Satun, Satun, Thailand (ต.พิมาน อ.เมือง จ.สตูล)",https://aqicn.org/city/thailand/satun/satun/phiman,6.624747,100.066159,54,pm25,54.0,21.0,6.4,1.8,0.6,0.1,28.0,69.0,1008.0,3.6,22.0,,,2025-11-28 14:00:00,+07:00,1764338400,2025-11-28 08:16:14
8322,70.0,2025-11-24 20:43:16,8322,"Health Promotion Hospital Ban Khao Hin,Chonburi, Thailand (โรงพยาบาลส่งเสริมสุขภาพตำบลบ้านเขาหิน ชลบุรี)",https://aqicn.org/city/thailand/chonburi/health-promotion-hospital-ban-khao-hin,13.054551,101.098128,64,pm25,64.0,51.0,5.6,7.5,0.6,,26.7,48.7,1011.8,2.5,15.0,,,2025-11-28 15:00:00,+07:00,1764342000,2025-11-28 08:16:15
12796,142.0,2025-11-24 20:43:16,12796,"Lat Yai,Mueang,Samut Songkhram, Thailand (ต.ลาดใหญ่ อ.เมือง จ.สมุทรสงคราม)",https://aqicn.org/city/thailand/samut-songkhram/mueang/lat-yai,13.428581,100.024664,66,pm25,66.0,52.0,13.4,4.1,0.6,0.1,27.7,29.7,1011.7,1.0,8.4,,,2025-11-28 15:00:00,+07:00,1764342000,2025-11-28 08:16:15
1844,,2025-11-24 20:43:16,1844,"Khao Noi Fire Station, Saraburi, Thailand (สถานีดับเพลิงเขาน้อย)",https://aqicn.org/city/thailand/saraburi/khao-noi-fire-station,14.526343,100.926047,63,pm25,63.0,49.0,4.4,9.8,0.6,0.1,26.6,31.0,1010.2,0.2,,,,2025-11-28 15:00:00,+07:00,1764342000,2025-11-28 08:16:15
2626,60.0,2025-11-24 20:43:16,2626,"Cheras,Kuala Lumpur, Wilayah Persekutuan, Malaysia",https://aqicn.org/city/malaysia/wilayah-persekutuan/cheras-kuala-lumpur,3.106236,101.717917,31,,,,,,,,24.0,94.0,1009.0,2.5,23.0,,,2025-11-28 15:00:00,+08:00,1764342000,2025-11-28 08:16:16
2590,34.0,2025-11-24 20:43:16,2590,"Seremban, Negeri Sembilan, Malaysia",https://aqicn.org/city/malaysia/negeri-sembilan/seremban,2.723381,101.968497,33,,,,,,,,25.0,88.0,1008.0,3.6,23.0,,,2025-11-28 15:00:00,+08:00,1764342000,2025-11-28 08:16:16
1870,77.0,2025-11-24 20:43:16,1870,"Provincial Health Office, Loei, Thailand (สำนักงานสาธารณสุขจังหวัดเลย)",https://aqicn.org/city/thailand/loei/provincial-health-office,17.4525229,101.7272395,59,pm25,59.0,29.0,,0.6,,,25.5,26.6,987.1,1.5,4.9,,,2025-11-28 15:00:00,+07:00,1764342000,2025-11-28 08:16:17
2598,15.0,2025-11-24 20:43:16,2598,"Tanjung Malim, Perak, Malaysia",https://aqicn.org/city/malaysia/perak/tanjung-malim,3.687758,101.524494,29,,,,,,,,26.3,86.5,1008.1,2.0,,,,2025-11-28 16:00:00,+08:00,1764345600,2025-11-28 08:16:17
8640,59.0,2025-11-24 20:43:16,8640,"Lingshui Tufu Bay, Lingshuixian (陵水县陵水土福湾)",https://aqicn.org/city/china/lingshuixian/lingshuitufuwan,18.403055,109.818054,65,pm25,65.0,42.0,45.5,3.2,3.6,4.1,25.0,38.0,1013.0,3.6,10.0,,,2025-11-28 15:00:00,+08:00,1764342000,2025-11-28 08:16:17
1666,30.0,2025-11-24 20:43:16,1666,"Central, Singapore",https://aqicn.org/city/singapore/central,1.3666667,103.8,34,pm25,34.0,17.0,13.0,,2.0,7.0,27.0,83.0,1007.0,2.5,24.0,,,2025-11-28 16:00:00,+08:00,1764345600,2025-11-28 08:16:18
1825,65.0,2025-11-24 20:43:16,1825,"Nakhonsawan Irrigation , Nakhon Sawan, Thailand (โครงการชลประทานนครสวรรค์)",https://aqicn.org/city/thailand/nakhon-sawan/nakhonsawan-irrigation,15.68623,100.110556,65,pm25,65.0,70.0,14.2,8.1,0.6,0.1,27.0,46.3,1010.5,1.0,14.5,,,2025-11-28 14:00:00,+07:00,1764338400,2025-11-28 08:16:18
9489,19.0,2025-11-24 20:43:16,9489,"Minden, Pulau Pinang, Malaysia",https://aqicn.org/city/malaysia/pulau-pinang/minden,5.356211,100.30792,54,,,,,,,,27.0,69.0,1008.5,2.0,21.0,,,2025-11-28 14:00:00,+08:00,1764338400,2025-11-28 08:16:19
13662,24.0,2025-11-24 20:43:16,13662,"Trà Vinh/xã Dân Thành, TX Duyên Hải, Vietnam",https://aqicn.org/city/vietnam/tra-vinh/xa-dan-thanh--tx-duyen-hai,9.599143,106.51985,18,pm25,18.0,9.0,,,,,,,,,,,,2025-11-28 15:00:00,+07:00,1764342000,2025-11-28 08:16:19
5534,69.0,2025-11-24 20:43:16,5534,"Pluakdaeng District Health Office, Thailand (สำนักงานสาธารณสุขอำเภอปลวกแดง)",https://aqicn.org/city/thailand/pluakdaeng-district-health-office,12.97378333,101.21285,58,pm25,58.0,58.0,0.4,4.1,0.6,0.1,28.0,45.0,1009.0,5.6,15.0,,,2025-11-28 15:00:00,+07:00,1764342000,2025-11-28 08:16:19
2624,23.0,2025-11-24 20:43:16,2624,"Paka, Terengganu, Malaysia",https://aqicn.org/city/malaysia/terengganu/paka,4.598064,103.434819,28,,,,,,,,25.0,94.0,1007.0,3.0,24.0,,,2025-11-28 15:00:00,+08:00,1764342000,2025-11-28 08:16:20
9498,19.0,2025-11-24 20:43:16,9498,"Besut, Terengganu, Malaysia",https://aqicn.org/city/malaysia/terengganu/besut,5.748449,102.515632,40,,,,,,,,26.0,78.0,1008.0,5.1,22.0,,,2025-11-28 15:00:00,+08:00,1764342000,2025-11-28 08:16:21
1842,96.0,2025-11-24 20:43:16,1842,"City Hall, Samut Prakan, Thailand (ศาลากลางจังหวัดสมุทรปราการ)",https://aqicn.org/city/thailand/samut-prakan/city-hall,13.599149,100.597345,78,pm25,78.0,55.0,13.4,9.3,0.6,0.1,27.7,29.7,1011.7,1.0,8.4,,,2025-11-28 15:00:00,+07:00,1764342000,2025-11-28 08:16:21
9450,,2025-11-24 20:43:16,9450,"Chiangrai - Gaia Station 01, Thailand",https://aqicn.org/city/thailand/chiangrai---gaia-station-01,19.687157,100.19024,57,pm25,57.0,17.8,,,,,24.0,29.0,1016.0,4.6,5.0,,,2025-11-28 15:00:00,+07:00,1764342000,2025-11-28 08:16:22
2621,31.0,2025-11-24 20:43:16,2621,"Shah Alam, Selangor, Malaysia",https://aqicn.org/city/malaysia/selangor/shah-alam,3.104717,101.556222,33,,,,,,,,24.0,94.0,1009.0,2.5,23.0,,,2025-11-28 15:00:00,+08:00,1764342000,2025-11-28 08:16:22
1343,114.0,2025-11-24 20:43:16,1343,"Hainan Normal University, Haikou (海口海南师范大学)",https://aqicn.org/city/china/haikou/hainanshifandaxue,19.9969,110.338,68,pm25,68.0,50.0,53.9,3.7,4.1,3.1,22.0,46.0,1016.0,7.7,10.0,,,2025-11-28 15:00:00,+08:00,1764342000,2025-11-28 08:16:22
12758,73.0,2025-11-24 20:43:16,12758,"The Bhubing Palace Doi Buak Ha, Thailand (พระตำหนักภูพิงคราชนิเวศน์)",https://aqicn.org/city/thailand/the-bhubing-palace-doi-buak-ha,13.779873,100.646009,76,pm25,76.0,49.0,6.7,12.7,,,27.7,29.7,1011.7,1.0,8.4,,,2025-11-28 15:00:00,+07:00,1764342000,2025-11-28 08:16:22
9501,26.0,2025-11-24 20:43:16,9501,"Mukah, Sarawak, Malaysia",https://aqicn.org/city/malaysia/sarawak/mukah,2.883238,112.019742,32,,,,,,,,29.0,83.0,1006.0,3.6,26.0,,,2025-11-28 15:00:00,+08:00,1764342000,2025-11-28 08:16:22
8645,83.0,2025-11-24 20:43:16,9495,"Pengerang, Johor, Malaysia",https://aqicn.org/city/malaysia/johor/pengerang,1.389489,104.149586,35,,,,,,,,28.5,72.0,1008.0,3.8,23.0,,,2025-11-28 15:00:00,+08:00,1764342000,2025-11-28 08:16:23
2617,55.0,2025-11-24 20:43:16,2617,"Banting, Selangor, Malaysia",https://aqicn.org/city/malaysia/selangor/banting,2.816689,101.623158,53,,,,,,,,25.0,88.0,1008.0,4.1,23.0,,,2025-11-28 15:00:00,+08:00,1764342000,2025-11-28 08:16:23
2591,54.0,2025-11-24 20:43:16,2591,"Balok Baru, Kuantan, Pahang, Malaysia",https://aqicn.org/city/malaysia/pahang/balok-baru--kuantan,3.960644,103.382158,53,,,,,,,,24.0,94.0,1007.0,3.0,23.0,,,2025-11-28 16:00:00,+08:00,1764345600,2025-11-28 08:16:24
9493,32.0,2025-11-24 20:43:16,9493,"Batu Pahat, Johor, Malaysia",https://aqicn.org/city/malaysia/johor/batu-pahat,1.919323,102.866618,27,,,,,,,,28.2,85.2,1009.2,2.8,,,,2025-11-28 15:00:00,+08:00,1764342000,2025-11-28 08:16:24
13636,73.0,2025-11-24 20:43:16,13636,"72nd Anniversary King Bhumibol Public Park, Uttaradit, Thailand (สวนมหามงคลเฉลิมพระชนมพรรษา 6 รอบ 5 ธันวาคม 2552 อุตรดิตถ์)",https://aqicn.org/city/thailand/uttaradit/72nd-anniversary-king-bhumibol-public-park,17.631352,100.09896,73,pm25,73.0,30.0,19.0,3.5,,,25.8,38.5,1007.0,1.0,10.6,,,2025-11-28 15:00:00,+07:00,1764342000,2025-11-28 08:16:24
5779,,2025-11-24 20:43:16,2612,"Miri, Sarawak, Malaysia",https://aqicn.org/city/malaysia/sarawak/miri,4.424679,114.012426,30,,,,,,,,29.0,79.0,1006.0,3.0,25.0,,,2025-11-28 15:00:00,+08:00,1764342000,2025-11-28 08:16:24
8116,14.0,2025-11-24 20:43:16,8116,"Kuala Belait, Brunei",https://aqicn.org/city/brunei/kuala-belait,4.5831986,114.2212174,8,,,,,,,,26.0,94.0,1010.0,1.5,25.0,,,2025-11-28 11:00:00,+08:00,1764327600,2025-11-28 08:16:25
2627,34.0,2025-11-24 20:43:16,2627,"Labuan, Wilayah Persekutuan, Malaysia",https://aqicn.org/city/malaysia/wilayah-persekutuan/labuan,5.298107,115.232106,25,,,,,,,,27.0,88.0,1007.0,1.0,25.0,,,2025-11-28 16:00:00,+08:00,1764345600,2025-11-28 08:16:25
9497,28.0,2025-11-24 20:43:16,9497,"Temerloh, Pahang, Malaysia",https://aqicn.org/city/malaysia/pahang/temerloh,3.471603,102.376406,21,,,,,,,,24.0,94.0,1007.0,3.0,23.0,,,2025-11-28 14:00:00,+08:00,1764338400,2025-11-28 08:16:26
10482,,2025-11-24 20:43:16,10482,"Phiman, Satun, Satun, Thailand (ต.พิมาน อ.เมือง จ.สตูล)",https://aqicn.org/city/thailand/satun/satun/phiman,6.624747,100.066159,54,pm25,54.0,21.0,6.4,1.8,0.6,0.1,28.0,69.0,1008.0,3.6,22.0,,,2025-11-28 14:00:00,+07:00,1764338400,2025-11-28 08:16:26
3688,,2025-11-24 20:43:16,3688,"Khonkaen, Thailand (ส่วนอุทกวิทยา สำนักงานทรัพยากรน้ำภาค 4 ขอนแก่น)",https://aqicn.org/city/thailand/khonkaen,16.44538333,102.83525,80,pm25,80.0,,,,,,26.0,21.0,1013.0,4.1,2.0,,,2025-11-28 15:00:00,+07:00,1764342000,2025-11-28 08:16:27
9556,19.0,2025-11-24 20:43:16,9556,"Kota Bharu, Kelantan, Malaysia",https://aqicn.org/city/malaysia/kelantan/kota-bharu,6.147431,102.249236,48,,,,,,,,26.0,78.0,1008.0,5.1,22.0,,,2025-11-28 15:00:00,+08:00,1764342000,2025-11-28 08:16:27
8631,80.0,2025-11-24 20:43:16,8631,"Haitang Bay, Sanya (三亚海棠湾)",https://aqicn.org/city/china/sanya/haitangwan,18.29029,109.71186,59,pm25,59.0,51.0,43.9,4.6,3.1,3.2,25.0,38.0,1013.0,3.6,10.0,,,2025-11-28 15:00:00,+08:00,1764342000,2025-11-28 08:16:28
2589,50.0,2025-11-24 20:43:16,2589,"Port Dickson, Negeri Sembilan, Malaysia",https://aqicn.org/city/malaysia/negeri-sembilan/port-dickson,2.441383,101.866858,33,,,,,,,,25.0,88.0,1008.0,3.6,23.0,,,2025-11-28 15:00:00,+08:00,1764342000,2025-11-28 08:16:28
2580,52.0,2025-11-24 20:43:16,2580,"Pasir Gudang, Johor, Malaysia",https://aqicn.org/city/malaysia/johor/pasir-gudang,1.470122,103.893456,43,,,,,,,,26.0,88.0,1008.0,3.0,24.0,,,2025-11-28 15:00:00,+08:00,1764342000,2025-11-28 08:16:28
9500,46.0,2025-11-24 20:43:16,9500,"Samalaju, Sarawak, Malaysia",https://aqicn.org/city/malaysia/sarawak/samalaju,3.537059,113.295168,40,,,,,,,,26.0,94.0,1007.0,1.0,25.0,,,2025-11-28 15:00:00,+08:00,1764342000,2025-11-28 08:16:29
9494,29.0,2025-11-24 20:43:16,9494,"Kluang, Johor, Malaysia",https://aqicn.org/city/malaysia/johor/kluang,2.037882,103.312063,20,,,,,,,,27.0,78.0,1007.0,2.5,23.0,,,2025-11-28 14:00:00,+08:00,1764338400,2025-11-28 08:16:30
1814,142.0,2025-11-24 20:43:16,1814,"Highway District, Samut Sakhon, Thailand (แขวงการทางสมุทรสาคร)",https://aqicn.org/city/thailand/samut-sakhon/highway-district,13.7054879,100.315622,119,pm25,119.0,51.0,22.5,6.4,12.2,0.1,27.7,29.7,1011.7,1.0,8.4,,,2025-11-28 15:00:00,+07:00,1764342000,2025-11-28 08:16:30
2595,24.0,2025-11-24 20:43:16,2595,"Kg. Air Putih, Taiping, Perak, Malaysia",https://aqicn.org/city/malaysia/perak/kg.-air-putih--taiping,4.89885,100.679106,54,,,,,,,,25.0,88.0,1009.0,0.5,23.0,,,2025-11-28 16:00:00,+08:00,1764345600,2025-11-28 08:16:30
4474,104.0,2025-11-24 20:43:16,4474,"City first secondary school sub-station , Danzhou (儋州市第一中学子站)",https://aqicn.org/city/china/danzhou/shidiyizhongxuezizhan,19.5088,109.5037,74,pm25,74.0,52.0,44.7,2.8,2.6,4.0,23.5,39.9,995.7,2.0,9.1,,,2025-11-28 15:00:00,+08:00,1764342000,2025-11-28 08:16:30
13658,128.0,2025-11-24 20:43:16,13658,"Đà Nẵng/Hòa Thuận Tây, Hải Châu - KTTV - Trạm cảm biến, Vietnam",https://aqicn.org/city/vietnam/da-nang/hoa-thuan-tay--hai-chau-kttv-tram-cam-bien,16.043252,108.206826,186,pm10,152.0,186.0,,,,,24.5,51.5,1014.0,8.2,14.0,,,2025-11-28 15:00:00,+07:00,1764342000,2025-11-28 08:16:31
2592,52.0,2025-11-24 20:43:16,2592,"Indera Mahkota, Kuantan, Pahang, Malaysia",https://aqicn.org/city/malaysia/pahang/indera-mahkota--kuantan,3.819217,103.29655,23,,,,,,,,24.0,94.0,1007.0,3.0,23.0,,,2025-11-28 16:00:00,+08:00,1764345600,2025-11-28 08:16:31
9014,59.0,2025-11-24 20:43:16,9014,"Tha Tum, Si Maha Phot, Prachin Buri, Thailand (ต.ท่าตูม อ.ศรีมหาโพธิ จ.ปราจีนบุรี)",https://aqicn.org/city/thailand/prachin-buri/si-maha-phot/tha-tum,13.917563,101.590529,53,pm25,53.0,56.0,5.2,,,,26.7,48.7,1011.8,2.5,15.0,,,2025-11-28 15:00:00,+07:00,1764342000,2025-11-28 08:16:31
13417,61.0,2025-11-24 20:43:16,13762,"Gia Lai/Phù Đổng, Thành phố Pleiku - KTTV - Trạm cảm biến, Vietnam",https://aqicn.org/city/vietnam/gia-lai/phu-dong--thanh-pho-pleiku-kttv-tram-cam-bien,13.968848,108.017617,214,pm25,214.0,32.0,2.0,120.0,49.0,19.0,20.7,69.4,924.4,1.0,14.9,99.4,,2025-11-28 14:00:00,+07:00,1764338400,2025-11-28 08:16:32
4480,82.0,2025-11-24 20:43:16,4480,"Land Environment and Resources Bureau , Ledongxian (乐东县国土环境资源局)",https://aqicn.org/city/china/ledongxian/guotuhuanjingziyuanju,18.7422,109.1777,61,pm25,61.0,40.0,46.8,2.8,4.1,3.6,25.0,38.0,1013.0,3.6,10.0,,,2025-11-28 15:00:00,+08:00,1764342000,2025-11-28 08:16:33
2611,16.0,2025-11-24 20:43:16,2611,"Limbang, Sarawak, Malaysia",https://aqicn.org/city/malaysia/sarawak/limbang,4.758891,115.013667,31,,,,,,,,27.0,88.0,1007.0,3.0,25.0,,,2025-11-28 14:00:00,+08:00,1764338400,2025-11-28 08:16:33
9492,28.0,2025-11-24 20:43:16,9492,"Segamat, Johor, Malaysia",https://aqicn.org/city/malaysia/johor/segamat,2.493914,102.862694,21,,,,,,,,28.0,69.0,1009.0,4.6,22.0,,,2025-11-28 15:00:00,+08:00,1764342000,2025-11-28 08:16:33
9496,28.0,2025-11-24 20:43:16,9496,"Rompin, Pahang, Malaysia",https://aqicn.org/city/malaysia/pahang/rompin,2.926645,103.419198,21,,,,,,,,28.0,78.0,1007.0,1.5,24.0,,,2025-11-28 16:00:00,+08:00,1764345600,2025-11-28 08:16:33
13633,47.0,2025-11-24 20:43:16,13633,"Suphan Buri Provincial Central Stadium, Thailand (สนามกีฬากลางจังหวัดสุพรรณบุรี)",https://aqicn.org/city/thailand/suphan-buri-provincial-central-stadium,14.476214,100.086095,71,pm25,71.0,51.0,5.2,4.1,0.6,0.1,26.5,22.2,1011.8,2.0,3.2,,,2025-11-28 15:00:00,+07:00,1764342000,2025-11-28 08:16:33
13637,85.0,2025-11-24 20:43:16,13637,"Nong Prajak Public Park, Udon Thani, Thailand (สวนสาธารณะหนองประจักษ์ อุดรธานี)",https://aqicn.org/city/thailand/udon-thani/nong-prajak-public-park,17.414174,102.780926,47,pm25,47.0,,,,,,25.6,27.9,994.9,2.0,5.7,,,2025-11-28 15:00:00,+07:00,1764342000,2025-11-28 08:16:34
8634,117.0,2025-11-24 20:43:16,8634,"hóngqí zhōng xuézǐ station, Tunchangxian (屯昌县红旗中学子站)",https://aqicn.org/city/china/tunchangxian/hongqizhongxuezizhan,19.37706,110.1108,70,pm25,70.0,52.0,57.1,4.2,2.6,2.5,22.0,46.0,1016.0,7.7,10.0,,,2025-11-28 15:00:00,+08:00,1764342000,2025-11-28 08:16:34
8117,5.0,2025-11-24 20:43:16,8117,"Pekan Tutong, Brunei",https://aqicn.org/city/brunei/pekan-tutong,4.8140524,114.6608562,6,,,,,,,,23.0,100.0,1011.0,2.0,23.0,,,2025-11-28 11:00:00,+08:00,1764327600,2025-11-28 08:16:34
1816,101.0,2025-11-24 20:43:16,1816,"Sukhothai Thammathirat Open University, Nonthaburi, Thailand (มหาวิทยาลัยสุโขทัยธรรมาธิราช)",https://aqicn.org/city/thailand/nonthaburi/sukhothai-thammathirat-open-university,13.907861,100.535641,83,pm25,83.0,56.0,6.4,8.7,0.6,0.1,26.0,29.0,1011.0,5.1,7.0,,,2025-11-28 15:00:00,+07:00,1764342000,2025-11-28 08:16:34
5247,109.0,2025-11-24 20:43:16,5247,"City Mine station dormitory building , Wenchang (文昌市矿山管理站宿舍大楼)",https://aqicn.org/city/china/wenchang/shikuangshanguanlizhansushedalou,19.6208,110.7477,65,pm25,65.0,53.0,49.2,5.5,3.1,3.1,22.0,46.0,1016.0,7.7,10.0,,,2025-11-28 15:00:00,+08:00,1764342000,2025-11-28 08:16:35
13659,41.0,2025-11-24 20:43:16,13659,"Tây Ninh/Thị xã Tràng Bảng, Vietnam",https://aqicn.org/city/vietnam/tay-ninh/thi-xa-trang-bang,11.030287,106.35631,50,pm10,18.0,50.0,,,,,29.0,54.0,1007.0,2.0,19.0,,,2025-11-28 15:00:00,+07:00,1764342000,2025-11-28 08:16:35
8503,62.0,2025-11-24 20:43:16,8503,"Huai Kon, Chaloem Phra Kiat, Nan, Thailand (ต.ห้วยโก๋น อ.เฉลิมพระเกียรติ จ.น่าน)",https://aqicn.org/city/thailand/nan/chaloem-phra-kiat/huai-kon,19.5759666,101.0815166,56,pm25,56.0,70.0,3.2,3.5,1.1,0.1,25.5,32.7,991.8,1.5,7.9,,,2025-11-28 14:00:00,+07:00,1764338400,2025-11-28 08:16:36
2601,17.0,2025-11-24 20:43:16,2601,"Seberang Jaya 2, Perai, Pulau Pinang, Malaysia",https://aqicn.org/city/malaysia/pulau-pinang/seberang-jaya-2--perai,5.39817,100.403947,56,,,,,,,,26.0,78.0,1009.0,1.5,22.0,,,2025-11-28 15:00:00,+08:00,1764342000,2025-11-28 08:16:36
2622,16.0,2025-11-24 20:43:16,2622,"Kemaman, Terengganu, Malaysia",https://aqicn.org/city/malaysia/terengganu/kemaman,4.262121,103.425778,24,,,,,,,,25.0,94.0,1007.0,3.0,24.0,,,2025-11-28 15:00:00,+08:00,1764342000,2025-11-28 08:16:37
2616,18.0,2025-11-24 20:43:16,2616,"Sri Aman, Sarawak, Malaysia",https://aqicn.org/city/malaysia/sarawak/sri-aman,1.219656,111.464792,25,,,,,,,,32.0,70.0,1005.0,1.0,26.0,,,2025-11-28 15:00:00,+08:00,1764342000,2025-11-28 08:16:37
8114,1.0,2025-11-24 20:43:16,8114,"Temburong, Brunei",https://aqicn.org/city/brunei/temburong,4.6204128,115.141484,1,,,,,,,,23.0,100.0,1011.0,2.0,23.0,,,2025-11-28 11:00:00,+08:00,1764327600,2025-11-28 08:16:38
1849,117.0,2025-11-24 20:43:16,1849,"General Education Office, Chonburi, Thailand (สำนักงานสามัญศึกษาชลบุรี)",https://aqicn.org/city/thailand/chonburi/general-education-office,13.35461667,100.9792167,39,pm25,39.0,33.0,6.0,9.3,1.1,,26.7,48.7,1011.8,2.5,15.0,,,2025-11-28 15:00:00,+07:00,1764342000,2025-11-28 08:16:38
2615,24.0,2025-11-24 20:43:16,2615,"Sibu, Sarawak, Malaysia",https://aqicn.org/city/malaysia/sarawak/sibu,2.314408,111.831916,26,,,,,,,,29.0,83.0,1006.0,3.6,26.0,,,2025-11-28 14:00:00,+08:00,1764338400,2025-11-28 08:16:38
7886,129.0,2025-11-24 20:43:16,7886,Dinganxian,https://aqicn.org/city/dinganxian,19.681434,110.358891,65,pm25,65.0,57.0,57.1,4.6,2.1,4.8,22.0,46.0,1016.0,7.7,,,,2025-11-28 15:00:00,+08:00,1764342000,2025-11-28 08:16:38
9499,18.0,2025-11-24 20:43:16,9499,"Kimanis, Sabah, Malaysia",https://aqicn.org/city/malaysia/sabah/kimanis,5.538225,115.850556,14,,,,,,,,25.0,94.0,1007.0,2.5,24.0,,,2025-11-28 15:00:00,+08:00,1764342000,2025-11-28 08:16:39
2581,15.0,2025-11-24 20:43:16,2581,"Alor Setar, Kedah, Malaysia",https://aqicn.org/city/malaysia/kedah/alor-setar,6.137244,100.346815,56,,,,,,,,26.0,83.0,1009.0,2.0,23.0,,,2025-11-28 15:00:00,+08:00,1764342000,2025-11-28 08:16:39
2596,31.0,2025-11-24 20:43:16,2596,"S K Jalan Pegoh, Ipoh, Perak, Malaysia",https://aqicn.org/city/malaysia/perak/s-k-jalan-pegoh--ipoh,4.553336,101.080236,51,,,,,,,,25.0,88.0,1009.0,0.5,23.0,,,2025-11-28 16:00:00,+08:00,1764345600,2025-11-28 08:16:40
2578,39.0,2025-11-24 20:43:16,2578,"Larkin Lama, Johor, Malaysia",https://aqicn.org/city/malaysia/johor/larkin-lama,1.494625,103.735975,40,,,,,,,,27.0,78.0,1007.0,2.5,23.0,,,2025-11-28 15:00:00,+08:00,1764342000,2025-11-28 08:16:40
5254,91.0,2025-11-24 20:43:16,5254,"Commission compound Archives , Lingaoxian (临高县委大院档案馆)",https://aqicn.org/city/china/lingaoxian/weidayuandanganguan,19.91205,109.69053,63,pm25,63.0,45.0,40.7,1.0,2.1,3.6,22.0,46.0,1016.0,7.7,10.0,,,2025-11-28 14:00:00,+08:00,1764338400,2025-11-28 08:16:41
2604,26.0,2025-11-24 20:43:16,2604,"Kota Kinabalu, Sabah, Malaysia",https://aqicn.org/city/malaysia/sabah/kota-kinabalu,5.89372,116.04327,19,,,,,,,,25.0,94.0,1007.0,2.5,24.0,,,2025-11-28 15:00:00,+08:00,1764342000,2025-11-28 08:16:41
10484,39.0,2025-11-24 20:43:16,10484,"Tangkak, Johor, Malaysia",https://aqicn.org/city/malaysia/johor/tangkak,2.294794,102.571595,26,,,,,,,,28.0,69.0,1009.0,4.6,22.0,,,2025-11-28 12:00:00,+08:00,1764331200,2025-11-28 08:16:42
5259,76.0,2025-11-24 20:43:16,5259,"Middle school, Wanning (万宁中学子站)",https://aqicn.org/city/china/wanning/zhongxuezizhan,18.7983,110.3933,65,pm25,65.0,52.0,61.0,5.1,2.6,4.5,24.2,44.1,1012.0,4.0,11.2,,,2025-11-28 15:00:00,+08:00,1764342000,2025-11-28 08:16:42
2587,29.0,2025-11-24 20:43:16,2587,"Bukit Rambai, Melaka, Malaysia",https://aqicn.org/city/malaysia/melaka/bukit-rambai,2.258519,102.172683,28,,,,,,,,28.0,69.0,1009.0,4.6,22.0,,,2025-11-28 15:00:00,+08:00,1764342000,2025-11-28 08:16:42
13635,,2025-11-24 20:43:16,13636,"72nd Anniversary King Bhumibol Public Park, Uttaradit, Thailand (สวนมหามงคลเฉลิมพระชนมพรรษา 6 รอบ 5 ธันวาคม 2552 อุตรดิตถ์)",https://aqicn.org/city/thailand/uttaradit/72nd-anniversary-king-bhumibol-public-park,17.631352,100.09896,73,pm25,73.0,30.0,19.0,3.5,,,25.8,38.5,1007.0,1.0,10.6,,,2025-11-28 15:00:00,+07:00,1764342000,2025-11-28 08:16:42
13631,56.0,2025-11-24 20:43:16,13631,"Meteorological stations, Sakon Nakhon, Thailand (สถานีอุตุนิยมวิทยาสกลนคร)",https://aqicn.org/city/thailand/sakon-nakhon/meteorological-stations,17.15662,104.133216,70,pm25,70.0,30.0,,,,,27.0,31.6,996.2,1.0,8.7,,,2025-11-28 15:00:00,+07:00,1764342000,2025-11-28 08:16:42
2612,28.0,2025-11-24 20:43:16,2612,"Miri, Sarawak, Malaysia",https://aqicn.org/city/malaysia/sarawak/miri,4.424679,114.012426,30,,,,,,,,29.0,79.0,1006.0,3.0,25.0,,,2025-11-28 15:00:00,+08:00,1764342000,2025-11-28 08:16:43
2609,23.0,2025-11-24 20:43:16,2609,"Kapit, Sarawak, Malaysia",https://aqicn.org/city/malaysia/sarawak/kapit,2.014498,112.92736,55,,,,,,,,,,,,,,,2025-11-28 15:00:00,+08:00,1764342000,2025-11-28 08:16:44
6814,141.0,2025-11-24 20:43:16,6814,"Provincial Administrative Organization, Samut Sakhon, Thailand (องค์การบริหารส่วนจังหวัดสมุทรสาคร)",https://aqicn.org/city/thailand/samut-sakhon/provincial-administrative-organization,13.5502631,100.2647676,67,pm25,67.0,33.0,2.8,7.5,2.7,,27.7,29.7,1011.7,1.0,8.4,,,2025-11-28 15:00:00,+07:00,1764342000,2025-11-28 08:16:44
5107,81.0,2025-11-24 20:43:16,5107,"Government Center, Rayong, Thailand (ศูนย์ราชการระยอง)",https://aqicn.org/city/thailand/rayong/government-center,12.7066,101.18055,71,pm25,71.0,34.0,7.5,11.0,2.2,0.1,28.0,45.0,1009.0,5.6,15.0,,,2025-11-28 15:00:00,+07:00,1764342000,2025-11-28 08:16:45
2582,20.0,2025-11-24 20:43:16,2582,"Bakar Arang, Sg. Petani, Kedah, Malaysia",https://aqicn.org/city/malaysia/kedah/bakar-arang--sg.-petani,5.629631,100.467771,58,,,,,,,,26.0,78.0,1009.0,1.5,22.0,,,2025-11-28 15:00:00,+08:00,1764342000,2025-11-28 08:16:45
2588,29.0,2025-11-24 20:43:16,2588,"Nilai, Negeri Sembilan, Malaysia",https://aqicn.org/city/malaysia/negeri-sembilan/nilai,2.821692,101.811486,29,,,,,,,,24.5,88.5,1009.0,3.8,22.5,,,2025-11-28 15:00:00,+08:00,1764342000,2025-11-28 08:16:46
2620,20.0,2025-11-24 20:43:16,2620,"Petaling Jaya, Selangor, Malaysia",https://aqicn.org/city/malaysia/selangor/petaling-jaya,3.133169,101.608011,26,,,,,,,,24.0,94.0,1009.0,2.5,23.0,,,2025-11-28 15:00:00,+08:00,1764342000,2025-11-28 08:16:46
4435,87.0,2025-11-24 20:43:16,4435,"Hedongzi Station, Sanya (三亚河东子站)",https://aqicn.org/city/china/sanya/hedongzizhan,18.2489,109.5078,68,pm25,68.0,38.0,44.7,6.0,2.6,5.5,25.0,38.0,1013.0,3.6,10.0,,,2025-11-28 15:00:00,+08:00,1764342000,2025-11-28 08:16:47
2594,40.0,2025-11-24 20:43:16,2594,"Jalan Tasek, Ipoh, Perak, Malaysia",https://aqicn.org/city/malaysia/perak/jalan-tasek--ipoh,4.629444,101.11665,53,,,,,,,,25.0,88.0,1009.0,0.5,23.0,,,2025-11-28 14:00:00,+08:00,1764338400,2025-11-28 08:16:47
5190,74.0,2025-11-24 20:43:16,5190,Dongfang (东方),https://aqicn.org/city/dongfang,19.095361,108.651775,59,pm25,59.0,54.0,53.2,4.2,2.1,2.7,24.6,40.0,1014.1,4.0,,99.1,,2025-11-28 15:00:00,+08:00,1764342000,2025-11-28 08:16:48
13687,42.0,2025-11-24 20:43:16,13687,"Cần Thơ/Ninh Kiều - KTTV - Trạm cảm biến, Vietnam",https://aqicn.org/city/vietnam/can-tho/ninh-kieu-kttv-tram-cam-bien,10.026977,105.768249,38,pm10,17.0,38.0,8.0,1.0,,7.0,26.0,61.0,1008.0,4.6,18.0,,,2025-11-28 14:00:00,+07:00,1764338400,2025-11-28 08:16:48
5255,85.0,2025-11-24 20:43:16,5255,"Commission for Discipline Building Station, Lingshuixian (陵水县纪委大楼站)",https://aqicn.org/city/china/lingshuixian/jiweidalouzhan,18.50844,110.03572,61,pm25,61.0,42.0,47.6,3.7,4.1,5.4,25.0,38.0,1013.0,3.6,10.0,,,2025-11-28 15:00:00,+08:00,1764342000,2025-11-28 08:16:48
2623,14.0,2025-11-24 20:43:16,2623,"Kuala Terengganu, Terengganu, Malaysia",https://aqicn.org/city/malaysia/terengganu/kuala-terengganu,5.308094,103.120392,52,,,,,,,,24.0,94.0,1008.0,6.1,23.0,,,2025-11-28 15:00:00,+08:00,1764342000,2025-11-28 08:16:49
2606,34.0,2025-11-24 20:43:16,2606,"Tawau, Sabah, Malaysia",https://aqicn.org/city/malaysia/sabah/tawau,4.249786,117.935864,39,,,,,,,,31.0,74.0,1006.0,2.5,26.0,,,2025-11-28 15:00:00,+08:00,1764342000,2025-11-28 08:16:49
2593,34.0,2025-11-24 20:43:16,2593,"Jerantut, Pahang, Malaysia",https://aqicn.org/city/malaysia/pahang/jerantut,3.94836,102.366632,21,,,,,,,,24.0,94.0,1007.0,3.0,23.0,,,2025-11-28 16:00:00,+08:00,1764345600,2025-11-28 08:16:49
13505,69.0,2025-11-24 20:43:16,2606,"Tawau, Sabah, Malaysia",https://aqicn.org/city/malaysia/sabah/tawau,4.249786,117.935864,39,,,,,,,,31.0,74.0,1006.0,2.5,26.0,,,2025-11-28 15:00:00,+08:00,1764342000,2025-11-28 08:16:50
2605,38.0,2025-11-24 20:43:16,2605,"Sandakan, Sabah, Malaysia",https://aqicn.org/city/malaysia/sabah/sandakan,5.864467,118.091089,33,,,,,,,,30.0,84.0,1005.0,3.6,27.0,,,2025-11-28 15:00:00,+08:00,1764342000,2025-11-28 08:16:51
1664,53.0,2025-11-24 20:43:16,1664,"East, Singapore",https://aqicn.org/city/singapore/east,1.3645924,103.9477547,34,pm25,34.0,17.0,10.0,,4.0,4.0,27.0,83.0,1007.0,2.5,24.0,,,2025-11-28 16:00:00,+08:00,1764345600,2025-11-28 08:16:51
2585,31.0,2025-11-24 20:43:16,2585,"Tanah Merah, Kelantan, Malaysia",https://aqicn.org/city/malaysia/kelantan/tanah-merah,5.811172,102.1345,46,,,,,,,,26.0,78.0,1008.0,5.1,22.0,,,2025-11-28 15:00:00,+08:00,1764342000,2025-11-28 08:16:51
5253,104.0,2025-11-24 20:43:16,5253,"Land Environment and Resources Bureau, Chengmaixian (澄迈县澄迈国土环境资源局站)",https://aqicn.org/city/china/chengmaixian/chengmaiguotuhuanjingziyuanjuzhan,19.76,110.006,59,pm25,59.0,51.0,48.0,3.2,1.1,3.4,22.0,46.0,1016.0,7.7,10.0,,,2025-11-28 15:00:00,+08:00,1764342000,2025-11-28 08:16:52
2614,19.0,2025-11-24 20:43:16,2614,"Sarikei, Sarawak, Malaysia",https://aqicn.org/city/malaysia/sarawak/sarikei,2.132809,111.52287,20,,,,,,,,29.0,83.0,1006.0,3.6,26.0,,,2025-11-28 15:00:00,+08:00,1764342000,2025-11-28 08:16:52
1817,,2025-11-24 20:43:16,1817,"Na Phralan Police Station Saraburi, Thailand (สถานีตำรวจภูธรหน้าพระลาน สระบุรี)",https://aqicn.org/city/thailand/na-phralan-police-station-saraburi,14.685833,100.871996,83,pm10,79.0,83.0,1.6,20.8,0.6,0.1,26.6,31.0,1010.2,0.2,,,,2025-11-28 15:00:00,+07:00,1764342000,2025-11-28 08:16:52
1867,72.0,2025-11-24 20:43:16,1867,"Municipality Office, Nan, Thailand (สำนักงานเทศบาลเมืองน่าน)",https://aqicn.org/city/thailand/nan/municipality-office,18.7888833,100.7763166,60,pm25,60.0,67.0,6.4,0.6,0.6,0.1,25.5,32.7,991.8,1.5,7.9,,,2025-11-28 15:00:00,+07:00,1764342000,2025-11-28 08:16:53
9495,50.0,2025-11-24 20:43:16,9495,"Pengerang, Johor, Malaysia",https://aqicn.org/city/malaysia/johor/pengerang,1.389489,104.149586,35,,,,,,,,28.5,72.0,1008.0,3.8,23.0,,,2025-11-28 15:00:00,+08:00,1764342000,2025-11-28 08:16:53
12795,86.0,2025-11-24 20:43:16,12795,"T.Meechai A.Muang Nongkhai Province, Thailand (ต.มีชัย อ.เมืองหนองคาย จ.หนองคาย)",https://aqicn.org/city/thailand/t.meechai-a.muang-nongkhai-province,17.87748,102.728925,83,pm25,83.0,54.0,23.3,1.8,0.6,0.1,26.0,78.0,1013.0,2.0,22.0,,,2025-11-28 14:00:00,+07:00,1764338400,2025-11-28 08:16:54
13652,43.0,2025-11-24 20:43:16,2616,"Sri Aman, Sarawak, Malaysia",https://aqicn.org/city/malaysia/sarawak/sri-aman,1.219656,111.464792,25,,,,,,,,32.0,70.0,1005.0,1.0,26.0,,,2025-11-28 15:00:00,+08:00,1764342000,2025-11-28 08:16:54
1863,64.0,2025-11-24 20:43:16,1863,"Wang Yen Subdistrict Administrative, Chachoengsao, Thailand (องค์การบริหารส่วนตำบลวังเย็น)",https://aqicn.org/city/thailand/chachoengsao/wang-yen-subdistrict-administrative,13.5885,101.2863333,58,pm25,58.0,56.0,0.8,8.1,1.6,,26.7,48.7,1011.8,2.5,15.0,,,2025-11-28 14:00:00,+07:00,1764338400,2025-11-28 08:16:54
1859,91.0,2025-11-24 20:43:16,1859,"Thonburi Power Sub-Station, Bangkok, Thailand (โรงไฟฟ้าย่อย ธนบุรี)",https://aqicn.org/city/thailand/bangkok/thonburi-power-sub-station,13.727622,100.486568,61,pm25,61.0,50.0,,13.3,,,27.7,29.7,1011.7,1.0,8.4,,,2025-11-28 15:00:00,+07:00,1764342000,2025-11-28 08:16:55
1830,72.0,2025-11-24 20:43:16,1830,"Phrae Meteorological Station, Thailand (สถานีอุตุนิยมวิทยาแพร่)",https://aqicn.org/city/thailand/phrae-meteorological-station,18.1283666,100.1624333,63,pm25,63.0,68.0,6.7,8.7,0.6,0.1,26.5,62.3,996.1,1.5,18.7,,,2025-11-28 15:00:00,+07:00,1764342000,2025-11-28 08:16:55
14139,339.0,2025-11-24 20:43:16,14139,"Bardowali, Agartala, India",https://aqicn.org/city/india/agartala/bardowali,23.8175497,91.2726974,43,pm25,43.0,40.0,2.1,0.1,11.5,,29.165,47.519999999999996,750.0,1.0350000000000001,17.0,,,2025-11-28 13:00:00,+05:30,1764334800,2025-11-28 08:16:56
14893,63.0,2025-11-24 20:43:16,1645,"Hengchun, Taiwan (恆春)",https://aqicn.org/city/taiwan/hengchun,21.958069,120.788928,82,pm25,82.0,55.0,34.7,1.2,0.9,1.6,20.4,68.0,1013.0,4.7,17.0,,,2025-11-28 16:00:00,+08:00,1764345600,2025-11-28 08:16:57
2610,29.0,2025-11-24 20:43:16,2610,"Kuching, Sarawak, Malaysia",https://aqicn.org/city/malaysia/sarawak/kuching,1.562229,110.388958,34,,,,,,,,24.0,94.0,1008.0,1.5,23.0,,,2025-11-28 15:00:00,+08:00,1764342000,2025-11-28 08:16:57
3431,87.0,2025-11-24 20:43:16,3431,"Beihai Industrial Park, Beihai (北海北海工业园)",https://aqicn.org/city/china/beihai/beihaigongyeyuan,21.5233,109.1778,68,pm25,68.0,43.0,47.6,4.2,3.6,4.6,23.8,20.0,1015.1,3.0,-0.5,99.1,,2025-11-28 15:00:00,+08:00,1764342000,2025-11-28 08:16:57
1832,71.0,2025-11-24 20:43:16,1832,"Maesai Health Office, Chiangrai, Thailand (สำนักงานสาธารณสุขอำเภอแม่สาย เชียงราย)",https://aqicn.org/city/thailand/chiangrai/maesai-health-office,20.439944444444,99.913666666667,60,pm25,60.0,149.0,,,0.6,,24.0,26.3,971.3,5.1,3.5,,,2025-11-28 15:00:00,+07:00,1764342000,2025-11-28 08:16:57
1302,59.0,2025-11-24 20:43:16,1302,"Gulangyu, Xiamen (厦门鼓浪屿)",https://aqicn.org/city/china/xiamen/gulangyu,24.445833333,118.06361111,97,pm25,97.0,84.0,61.7,6.4,1.6,5.5,22.0,30.0,1017.0,3.6,4.0,,,2025-11-28 15:00:00,+08:00,1764342000,2025-11-28 08:16:58
2603,26.0,2025-11-24 20:43:16,2603,"Keningau, Sabah, Malaysia",https://aqicn.org/city/malaysia/sabah/keningau,5.339317,116.163658,34,,,,,,,,25.0,94.0,1007.0,2.5,24.0,,,2025-11-28 08:00:00,+08:00,1764316800,2025-11-28 08:16:58
12809,6.0,2025-11-24 20:43:16,12809,"Sikulpuikawn, Aizawl, India",https://aqicn.org/city/india/aizawl/sikulpuikawn,23.7176342,92.7192841,72,pm25,72.0,33.0,0.8,0.1,5.8,0.6,23.0,47.4,,1.0,11.2,,,2025-11-28 13:00:00,+05:30,1764334800,2025-11-28 08:16:58
7201,107.0,2025-11-24 20:43:16,7201,"CPPCC Building, Hezhou (贺州环保小区)",https://aqicn.org/city/china/hezhou/huanbaoxiaoqu,24.4175,111.5269,87,pm25,87.0,61.0,46.8,5.5,3.1,4.6,21.4,28.9,1002.4,1.0,2.6,,,2025-11-28 15:00:00,+08:00,1764342000,2025-11-28 08:16:59
7225,74.0,2025-11-24 20:43:16,7225,"Dehong Stations, Dehong (德宏州德宏州监测站)",https://aqicn.org/city/china/dehongzhou/dehongzhoujiancezhan,24.428,98.5842,72,pm25,72.0,30.0,39.4,5.1,4.6,4.6,18.4,36.1,833.4,3.0,3.1,99.1,,2025-11-28 15:00:00,+08:00,1764342000,2025-11-28 08:16:59
14358,70.0,2025-11-24 20:43:16,14358,"云安都杨,  (云浮市云安都杨)",https://aqicn.org/city/guangdong/yunfushi/yunanduyang,23.044739,112.159956,53,pm25,53.0,50.0,30.9,5.1,1.6,6.4,21.9,22.1,1010.3,1.0,-0.7,,,2025-11-28 14:00:00,+08:00,1764338400,2025-11-28 08:17:00
14528,82.0,2025-11-24 20:43:16,14528,"晋宁区生态环境分局, Kunming (昆明晋宁区生态环境分局)",https://aqicn.org/city/china/kunming/jinningqushengtaihuanjingfenju,24.6736,102.5967,102,pm25,102.0,35.0,44.7,10.1,1.1,4.6,15.0,26.0,1023.0,4.6,-4.0,,,2025-11-28 15:00:00,+08:00,1764342000,2025-11-28 08:17:01
13683,,2025-11-24 20:43:16,13683,"Hưng Yên/Sở TNMT - 437 Nguyễn Văn Linh, Tp Hưng Yên, Vietnam",https://aqicn.org/city/vietnam/hung-yen/so-tnmt-437-nguyen-van-linh--tp-hung-yen,20.661683,106.058761,60,pm10,45.0,60.0,33.0,11.0,6.0,5.0,25.0,31.0,1016.5,2.8,7.0,,,2025-11-28 15:00:00,+07:00,1764342000,2025-11-28 08:17:01
14467,72.0,2025-11-24 20:43:16,14467,"赤石明热子站, Shenzhen (深汕合作区 赤石镇)",https://aqicn.org/city/shenzhen/chishimingrezizhan,22.91151,115.04826,63,pm25,63.0,41.0,40.7,1.9,3.6,4.6,21.6,43.0,1014.8,2.0,,,,2025-11-28 15:00:00,+08:00,1764342000,2025-11-28 08:17:01
14221,55.0,2025-11-24 20:43:16,14221,"广宁庄前西,  (肇庆市广宁庄前西)",https://aqicn.org/city/guangdong/zhaoqingshi/guangningzhuangqianxi,23.638817,112.43656,72,pm25,72.0,39.0,34.2,5.5,5.6,7.3,22.0,21.0,1016.0,1.5,-1.0,,,2025-11-28 14:00:00,+08:00,1764338400,2025-11-28 08:17:01
1553,87.0,2025-11-24 20:43:16,1553,Beihai (北海),https://aqicn.org/city/beihai,21.481254,109.119927,82,pm25,82.0,61.0,51.9,6.0,4.1,5.5,23.8,20.0,1015.1,3.0,,99.1,,2025-11-28 15:00:00,+08:00,1764342000,2025-11-28 08:17:02
14394,102.0,2025-11-24 20:43:16,14394,"大沥,  (佛山市大沥)",https://aqicn.org/city/guangdong/fushanshi/dali,23.1171,113.1277,85,pm25,85.0,65.0,43.5,9.2,3.6,5.5,22.0,21.0,1016.0,1.5,-1.0,,,2025-11-28 14:00:00,+08:00,1764338400,2025-11-28 08:17:02
14393,124.0,2025-11-24 20:43:16,14393,"丹灶,  (佛山市丹灶)",https://aqicn.org/city/guangdong/fushanshi/danzao,23.0404,112.9197,85,pm25,85.0,60.0,43.5,8.3,2.1,4.6,22.0,21.0,1016.0,1.5,-1.0,,,2025-11-28 14:00:00,+08:00,1764338400,2025-11-28 08:17:02
14476,76.0,2025-11-24 20:43:16,14476,"从化良口, Guangzhou (广州从化良口)",https://aqicn.org/city/guangdong/guangzhou/conghualiangkou,23.7372,113.7861,80,pm25,80.0,51.0,,3.7,4.1,2.8,22.0,21.0,1016.0,1.5,-1.0,,,2025-11-28 15:00:00,+08:00,1764342000,2025-11-28 08:17:03
14227,107.0,2025-11-24 20:43:16,14227,"鹤山南山,  (江门市鹤山南山)",https://aqicn.org/city/guangdong/jiangmenshi/heshannanshan,22.763923,112.969881,91,pm25,91.0,61.0,42.7,11.0,3.6,3.7,22.0,21.0,1016.0,1.5,-1.0,,,2025-11-28 14:00:00,+08:00,1764338400,2025-11-28 08:17:03
13026,108.0,2025-11-24 20:43:16,8688,"United Nations International School of Hanoi, Vietnam (Trường Quốc tế Liên Hợp Quốc Hà Nội)",https://aqicn.org/city/vietnam/hanoi/unis,21.0811211,105.8180306,113,pm25,113.0,,,,,,23.0,37.0,1016.0,3.6,7.0,,,2025-11-28 14:00:00,+07:00,1764338400,2025-11-28 08:17:03
4342,74.0,2025-11-24 20:43:16,4342,Shanwei (汕尾),https://aqicn.org/city/shanwei,22.786211,115.375279,72,pm25,72.0,40.0,42.7,2.8,3.6,1.0,22.5,28.8,1014.7,2.0,,,,2025-11-28 15:00:00,+08:00,1764342000,2025-11-28 08:17:04
14332,114.0,2025-11-24 20:43:16,14332,"罗定兴华,  (云浮市罗定兴华)",https://aqicn.org/city/guangdong/yunfushi/luodingxinghua,22.761743,111.594533,63,pm25,63.0,29.0,37.4,6.9,8.7,3.7,23.6,23.9,999.6,2.0,1.8,99.1,,2025-11-28 14:00:00,+08:00,1764338400,2025-11-28 08:17:05
3579,61.0,2025-11-24 20:43:16,3579,"Liudong Primary School, Liuzhou (柳州柳东小学)",https://aqicn.org/city/china/liuzhou/liudongxiaoxue,24.3898,109.4883,97,pm25,97.0,61.0,46.8,2.8,4.6,2.8,21.2,27.1,982.2,2.0,1.5,,,2025-11-28 15:00:00,+08:00,1764342000,2025-11-28 08:17:05
14279,80.0,2025-11-24 20:43:16,14279,"三水南山,  (佛山市三水南山)",https://aqicn.org/city/guangdong/fushanshi/sanshuinanshan,23.530838,112.880875,82,pm25,82.0,58.0,45.5,5.1,3.1,3.7,22.0,21.0,1016.0,1.5,-1.0,,,2025-11-28 14:00:00,+08:00,1764338400,2025-11-28 08:17:05
805,72.0,2025-11-24 20:43:16,805,"Kengkouzi station, Zhaoqing (肇庆坑口子站)",https://aqicn.org/city/guangdong/zhaoqing/kangkouzizhan,23.1617,112.565,76,pm25,76.0,55.0,41.5,7.8,4.1,3.7,22.0,21.0,1016.0,1.5,-1.0,,,2025-11-28 15:00:00,+08:00,1764342000,2025-11-28 08:17:06
14478,85.0,2025-11-24 20:43:16,14478,"花都梯面, Guangzhou (广州花都梯面)",https://aqicn.org/city/guangdong/guangzhou/huadutimian,23.5544,113.2902,68,pm25,68.0,52.0,,4.6,4.1,1.9,22.0,21.0,1016.0,1.5,-1.0,,,2025-11-28 15:00:00,+08:00,1764342000,2025-11-28 08:17:06
3424,82.0,2025-11-24 20:43:16,3424,"Wanan, Quanzhou (泉州万安)",https://aqicn.org/city/china/quanzhou/wanan,24.9424,118.6663,105,pm10,104.0,105.0,53.2,5.1,2.6,4.6,22.0,30.0,1017.0,3.6,4.0,,,2025-11-28 15:00:00,+08:00,1764342000,2025-11-28 08:17:07
784,80.0,2025-11-24 20:43:16,784,"Dòumén, Zhuhai (珠海斗门)",https://aqicn.org/city/guangdong/zhuhai/doumen,22.2281,113.299,91,pm25,91.0,55.0,45.5,11.9,4.1,2.8,21.0,38.5,1016.5,5.6,6.5,,,2025-11-28 15:00:00,+08:00,1764342000,2025-11-28 08:17:07
14297,85.0,2025-11-24 20:43:16,14297,"连平东园,  (河源市连平东园)",https://aqicn.org/city/guangdong/heyuanshi/lianpingdongyuan,24.366944,114.492777,78,pm25,78.0,57.0,39.0,1.9,3.1,1.9,19.7,26.9,984.5,4.0,0.1,,,2025-11-28 14:00:00,+08:00,1764338400,2025-11-28 08:17:07
14249,76.0,2025-11-24 20:43:16,14249,"连州城东,  (清远市连州城东)",https://aqicn.org/city/guangdong/qingyuanshi/lianzhouchengdong,24.7929,112.391601,72,pm25,72.0,62.0,39.8,4.6,4.6,4.6,21.4,28.9,1002.4,1.0,2.6,,,2025-11-28 14:00:00,+08:00,1764338400,2025-11-28 08:17:08
1548,89.0,2025-11-24 20:43:16,1548,Huizhou (惠州),https://aqicn.org/city/huizhou,23.111847,114.416196,68,pm25,68.0,55.0,41.1,6.9,3.1,3.7,22.4,38.6,1014.8,1.4,,,,2025-11-28 15:00:00,+08:00,1764342000,2025-11-28 08:17:08
791,76.0,2025-11-24 20:43:16,791,"Sanshuiyun donghai, Foshan (佛山三水云东海)",https://aqicn.org/city/guangdong/fushan/sanshuiyundonghai,23.1886,112.863,72,pm25,72.0,50.0,38.6,7.4,3.6,4.6,22.0,21.0,1016.0,1.5,-1.0,,,2025-11-28 15:00:00,+08:00,1764342000,2025-11-28 08:17:08
14306,78.0,2025-11-24 20:43:16,14306,"惠东莲花地,  (惠州市惠东莲花地)",https://aqicn.org/city/guangdong/huizhoushi/huidonglianhuadi,22.99122,114.737797,65,pm25,65.0,53.0,46.3,3.7,4.6,4.6,22.4,38.8,1014.8,1.3,,,,2025-11-28 14:00:00,+08:00,1764338400,2025-11-28 08:17:08
14264,70.0,2025-11-24 20:43:16,14264,"增城荔城,  (广州市增城荔城)",https://aqicn.org/city/guangdong/guangzhoushi/zengchenglicheng,23.2614,113.8051,74,pm25,74.0,53.0,41.9,3.7,3.1,3.7,22.0,21.0,1016.0,1.5,-1.0,,,2025-11-28 14:00:00,+08:00,1764338400,2025-11-28 08:17:09
14337,89.0,2025-11-24 20:43:16,14337,"北郊,  (江门市北郊)",https://aqicn.org/city/guangdong/jiangmenshi/beijiao,22.2033,112.3425,80,pm25,80.0,61.0,39.0,8.3,6.6,4.6,22.4,28.0,1005.9,4.0,3.0,,,2025-11-28 14:00:00,+08:00,1764338400,2025-11-28 08:17:10
14334,93.0,2025-11-24 20:43:16,14334,"新兴南外,  (云浮市新兴南外)",https://aqicn.org/city/guangdong/yunfushi/xinxingnanwai,22.694085,112.234114,70,pm25,70.0,63.0,39.0,5.5,2.1,3.7,21.9,22.1,1010.3,1.0,-0.7,,,2025-11-28 14:00:00,+08:00,1764338400,2025-11-28 08:17:10
793,95.0,2025-11-24 20:43:16,793,"Gāomíng kǒngtáng, Foshan (佛山高明孔堂)",https://aqicn.org/city/guangdong/fushan/gaomingkongtang,22.8693,112.844,91,pm25,91.0,61.0,43.1,7.8,4.1,2.8,22.0,21.0,1016.0,1.5,-1.0,,,2025-11-28 15:00:00,+08:00,1764342000,2025-11-28 08:17:11
14356,63.0,2025-11-24 20:43:16,14356,"龙川细坳,  (河源市龙川细坳)",https://aqicn.org/city/guangdong/heyuanshi/longchuanxiao,23.6442,112.7434,68,pm25,68.0,61.0,36.2,0.5,4.1,2.8,22.0,21.0,1016.0,1.5,-1.0,,,2025-11-28 14:00:00,+08:00,1764338400,2025-11-28 08:17:12
14215,95.0,2025-11-24 20:43:16,14215,"南沙科大,  (广州市南沙科大)",https://aqicn.org/city/guangdong/guangzhoushi/nanshakeda,22.755893,113.617769,80,pm25,80.0,66.0,46.8,9.6,3.6,4.6,23.0,20.0,1016.0,2.5,-1.0,,,2025-11-28 14:00:00,+08:00,1764338400,2025-11-28 08:17:12
14291,80.0,2025-11-24 20:43:16,14291,"佛冈沿江,  (清远市佛冈沿江)",https://aqicn.org/city/guangdong/qingyuanshi/fugangyanjiang,23.8825,113.5238,78,pm25,78.0,60.0,42.3,2.8,5.6,4.6,22.0,21.0,1016.0,1.5,-1.0,,,2025-11-28 14:00:00,+08:00,1764338400,2025-11-28 08:17:13
822,85.0,2025-11-24 20:43:16,822,"Yangtze River tourist area, Zhongshan (中山长江旅游区)",https://aqicn.org/city/guangdong/zhongshan/changjianglvyouqu,22.4886,113.434,89,pm25,89.0,62.0,53.9,11.0,4.1,5.5,21.0,38.5,1016.5,5.6,6.5,,,2025-11-28 14:00:00,+08:00,1764338400,2025-11-28 08:17:13
14448,80.0,2025-11-24 20:43:16,14448,"沙头角子站, Shenzhen (盐田区 沙头角街道)",https://aqicn.org/city/shenzhen/shatoujiaozizhan,22.5634,114.2267,68,pm25,68.0,55.0,48.8,7.4,5.1,3.7,21.6,43.0,1014.8,2.0,,,,2025-11-28 15:00:00,+08:00,1764342000,2025-11-28 08:17:13
14293,76.0,2025-11-24 20:43:16,14293,"英德城南,  (清远市英德城南)",https://aqicn.org/city/guangdong/qingyuanshi/yingdechengnan,24.174395,113.41942,74,pm25,74.0,66.0,43.5,3.2,3.1,3.7,22.0,21.0,1016.0,1.5,-1.0,,,2025-11-28 14:00:00,+08:00,1764338400,2025-11-28 08:17:14
14325,82.0,2025-11-24 20:43:16,14325,"电白水东,  (茂名市电白水东)",https://aqicn.org/city/guangdong/maomingshi/dianbaishuidong,21.5165,111.01,65,pm25,65.0,42.0,43.9,4.2,3.6,2.8,22.5,32.0,1009.7,3.0,5.0,,,2025-11-28 13:00:00,+08:00,1764334800,2025-11-28 08:17:14
14263,70.0,2025-11-24 20:43:16,14263,"增城派潭,  (广州市增城派潭)",https://aqicn.org/city/guangdong/guangzhoushi/zengchengpaitan,23.496093,113.790235,72,pm25,72.0,56.0,41.1,5.1,5.6,3.7,22.0,21.0,1016.0,1.5,-1.0,,,2025-11-28 14:00:00,+08:00,1764338400,2025-11-28 08:17:14
916,82.0,2025-11-24 20:43:16,916,"Kwai Chung, Shenzhen (宝安区 新安街道)",https://aqicn.org/city/shenzhen/xixiang,22.575856,113.862238,70,pm25,70.0,59.0,48.8,8.7,2.6,3.7,23.0,20.0,1016.0,2.5,-1.0,,,2025-11-28 15:00:00,+08:00,1764342000,2025-11-28 08:17:15
14315,112.0,2025-11-24 20:43:16,14315,"普宁城北,  (揭阳市普宁城北)",https://aqicn.org/city/guangdong/jieyangshi/puningchengbei,23.30725,116.158694,63,pm10,63.0,63.0,50.6,4.6,2.1,3.7,22.0,28.0,1016.0,1.5,3.0,,,2025-11-28 14:00:00,+08:00,1764338400,2025-11-28 08:17:15
1342,112.0,2025-11-24 20:43:16,1342,"Xiuying Hainan Hospital, Haikou (海口秀英海南医院)",https://aqicn.org/city/china/haikou/xiuyinghainanyiyuan,20.0053,110.283,63,pm25,63.0,51.0,49.6,3.2,5.1,1.9,22.0,46.0,1016.0,7.7,10.0,,,2025-11-28 14:00:00,+08:00,1764338400,2025-11-28 08:17:16
14278,95.0,2025-11-24 20:43:16,14278,"南海狮山,  (佛山市南海狮山)",https://aqicn.org/city/guangdong/fushanshi/nanhaishishan,23.17846,112.989113,76,pm25,76.0,60.0,39.0,7.8,4.1,2.8,22.0,21.0,1016.0,1.5,-1.0,,,2025-11-28 14:00:00,+08:00,1764338400,2025-11-28 08:17:17
14230,63.0,2025-11-24 20:43:16,14230,"怀集三江口,  (肇庆市怀集三江口)",https://aqicn.org/city/guangdong/zhaoqingshi/huaijisanjiangkou,23.925704,112.173061,61,pm25,61.0,51.0,41.1,4.6,4.6,1.0,21.4,28.9,1002.4,1.0,2.6,,,2025-11-28 14:00:00,+08:00,1764338400,2025-11-28 08:17:17
5506,65.0,2025-11-24 20:43:16,5506,"Viet Tri, Vietnam (Tp Việt Trì)",https://aqicn.org/city/vietnam/viet-tri,21.33847,105.3673,31,pm25,31.0,19.0,16.0,2.0,11.0,6.0,25.0,31.0,1016.5,2.8,7.0,,,2025-11-28 15:00:00,+07:00,1764342000,2025-11-28 08:17:18
7198,80.0,2025-11-24 20:43:16,7198,"nanjiang No1 middle school, Yulin (玉林南江一中)",https://aqicn.org/city/china/yulin/nanjiangyizhong,22.6164,110.1433,89,pm25,89.0,58.0,45.5,3.7,1.6,5.5,23.6,23.9,999.6,2.0,1.8,99.1,,2025-11-28 15:00:00,+08:00,1764342000,2025-11-28 08:17:18
930,82.0,2025-11-24 20:43:16,930,"Guangming, Shenzhen (光明区 光明街道)",https://aqicn.org/city/shenzhen/guangming,22.723285,114.417292,76,pm25,76.0,56.0,47.6,6.4,4.6,2.8,21.6,43.0,1014.8,2.0,,,,2025-11-28 15:00:00,+08:00,1764342000,2025-11-28 08:17:18
804,104.0,2025-11-24 20:43:16,804,"Guīfēngxi, Jiangmen (江门圭峰西)",https://aqicn.org/city/guangdong/jiangmen/guifengxi,22.5328,113.024,93,pm25,93.0,66.0,39.4,13.3,3.6,3.7,21.0,38.5,1016.5,5.6,6.5,,,2025-11-28 15:00:00,+08:00,1764342000,2025-11-28 08:17:18
9886,87.0,2025-11-24 20:43:16,9886,"州图书馆, Honghe (红河州州图书馆)",https://aqicn.org/city/china/honghezhou/zhoutushuguan,23.3682,103.3758,117,pm25,117.0,53.0,43.1,4.2,20.8,4.6,16.9,27.1,872.2,1.0,-2.2,,,2025-11-28 15:00:00,+08:00,1764342000,2025-11-28 08:17:19
14472,68.0,2025-11-24 20:43:16,14472,"小漠子站, Shenzhen (深汕合作区 小漠镇)",https://aqicn.org/city/shenzhen/xiaomozizhan,22.78084,115.04496,74,pm25,74.0,51.0,52.6,2.8,4.1,4.6,21.6,43.0,1014.8,2.0,,,,2025-11-28 15:00:00,+08:00,1764342000,2025-11-28 08:17:19
14271,70.0,2025-11-24 20:43:16,14271,"东莞松山湖,  (东莞市东莞松山湖)",https://aqicn.org/city/guangdong/dongguanshi/dongguansongshanhu,22.925278,113.881944,72,pm25,72.0,62.0,49.2,6.4,4.6,5.5,23.0,20.0,1016.0,2.5,-1.0,,,2025-11-28 14:00:00,+08:00,1764338400,2025-11-28 08:17:19
14524,70.0,2025-11-24 20:43:16,14524,"青年创业园, Kunming (昆明青年创业园)",https://aqicn.org/city/china/kunming/qingnianchuangyeyuan,24.8336,102.8017,87,pm25,87.0,44.0,47.6,5.5,4.6,4.6,15.0,26.0,1023.0,4.6,-4.0,,,2025-11-28 15:00:00,+08:00,1764342000,2025-11-28 08:17:19
3486,70.0,2025-11-24 20:43:16,4256,"Lónghúzi, Shantou (汕头龙湖子站)",https://aqicn.org/city/guangdong/shantou/longhuzizhan,23.3633,116.7244,85,pm25,85.0,69.0,47.6,4.6,5.1,2.8,22.0,28.0,1016.0,1.5,3.0,,,2025-11-28 15:00:00,+08:00,1764342000,2025-11-28 08:17:20
4343,89.0,2025-11-24 20:43:16,4343,Yangjiang (阳江),https://aqicn.org/city/yangjiang,21.857958,111.982232,91,pm25,91.0,55.0,44.3,3.7,6.6,3.7,22.4,28.0,1005.9,4.0,,,,2025-11-28 14:00:00,+08:00,1764338400,2025-11-28 08:17:20
4272,74.0,2025-11-24 20:43:16,4272,"Xincheng Middle School, Shanwei (汕尾新城中学)",https://aqicn.org/city/guangdong/shanwei/xinchengzhongxue,22.7925,115.3622,72,pm25,72.0,40.0,44.7,2.8,3.1,2.8,22.5,28.8,1014.7,2.0,3.5,,,2025-11-28 15:00:00,+08:00,1764342000,2025-11-28 08:17:21
14252,65.0,2025-11-24 20:43:16,14252,"丰顺汤坑,  (梅州市丰顺汤坑)",https://aqicn.org/city/guangdong/meizhoushi/fengshuntangkang,23.4433,116.1057,80,pm25,80.0,52.0,46.8,3.2,5.1,2.8,22.0,28.0,1016.0,1.5,3.0,,,2025-11-28 14:00:00,+08:00,1764338400,2025-11-28 08:17:21
14300,65.0,2025-11-24 20:43:16,14300,"紫金紫城,  (河源市紫金紫城)",https://aqicn.org/city/guangdong/heyuanshi/zijinzicheng,23.644268,115.195303,61,pm25,61.0,53.0,39.8,2.8,3.1,1.9,20.4,26.9,1004.3,3.0,0.7,0.7,,2025-11-28 14:00:00,+08:00,1764338400,2025-11-28 08:17:21
14355,99.0,2025-11-24 20:43:16,14355,"吴川振文,  (湛江市吴川振文)",https://aqicn.org/city/guangdong/zhanjiangshi/wuchuanzhenwen,21.4103,110.7086,104,pm25,104.0,56.0,64.9,5.5,5.6,3.7,22.5,32.0,1009.7,3.0,5.0,,,2025-11-28 14:00:00,+08:00,1764338400,2025-11-28 08:17:22
14309,68.0,2025-11-24 20:43:16,14309,"潮安庵北,  (潮州市潮安庵北)",https://aqicn.org/city/guangdong/chaozhoushi/chaoananbei,23.467778,116.671944,80,pm25,80.0,61.0,50.6,4.2,4.1,4.6,22.0,28.0,1016.0,1.5,3.0,,,2025-11-28 14:00:00,+08:00,1764338400,2025-11-28 08:17:23
14310,72.0,2025-11-24 20:43:16,14310,"饶平城北,  (潮州市饶平城北)",https://aqicn.org/city/guangdong/chaozhoushi/raopingchengbei,23.686944,117.0075,82,pm25,82.0,55.0,42.3,2.8,1.1,2.8,22.0,28.0,1016.0,1.5,3.0,,,2025-11-28 14:00:00,+08:00,1764338400,2025-11-28 08:17:24
1659,74.0,2025-11-24 20:43:16,1659,"Magong, Taiwan (馬公)",https://aqicn.org/city/taiwan/magong,23.569031,119.566158,98,pm10,95.0,98.0,45.8,2.9,1.3,1.9,20.5,64.0,1015.7,5.6,14.0,,,2025-11-28 16:00:00,+08:00,1764345600,2025-11-28 08:17:24
14288,91.0,2025-11-24 20:43:16,14288,"开平卫民,  (江门市开平卫民)",https://aqicn.org/city/guangdong/jiangmenshi/kaipingweimin,22.382749,112.713362,93,pm25,93.0,64.0,43.1,9.6,6.6,4.6,21.0,38.5,1016.5,5.6,6.5,,,2025-11-28 14:00:00,+08:00,1764338400,2025-11-28 08:17:24
14367,91.0,2025-11-24 20:43:16,14367,"天河奥体,  (广州市天河奥体)",https://aqicn.org/city/guangdong/guangzhoushi/tianheaoti,23.1467,113.405,61,pm25,61.0,50.0,43.1,4.6,1.1,4.6,22.0,21.0,1016.0,1.5,-1.0,,,2025-11-28 14:00:00,+08:00,1764338400,2025-11-28 08:17:25
14246,76.0,2025-11-24 20:43:16,14246,"连南城西,  (清远市连南城西)",https://aqicn.org/city/guangdong/qingyuanshi/liannanchengxi,24.719772,112.295012,60,pm10,50.0,60.0,39.0,3.2,3.6,2.8,21.4,28.9,1002.4,1.0,2.6,,,2025-11-28 14:00:00,+08:00,1764338400,2025-11-28 08:17:25
14346,82.0,2025-11-24 20:43:16,14346,"大亚湾霞涌,  (惠州市大亚湾霞涌)",https://aqicn.org/city/guangdong/huizhoushi/dayawanxiayong,22.775,114.6517,93,pm25,93.0,59.0,45.5,4.2,3.6,5.5,22.4,38.8,1014.8,1.3,,,,2025-11-28 14:00:00,+08:00,1764338400,2025-11-28 08:17:25
14324,122.0,2025-11-24 20:43:16,14324,"徐闻东方路,  (湛江市徐闻东方路)",https://aqicn.org/city/guangdong/zhanjiangshi/xuwendongfanglu,20.342398,110.198618,59,pm25,59.0,46.0,44.7,2.3,3.1,4.6,22.0,46.0,1016.0,7.7,10.0,,,2025-11-28 14:00:00,+08:00,1764338400,2025-11-28 08:17:25
7220,95.0,2025-11-24 20:43:16,7220,"City convenient service centers, Wenshan (文山州市便民服务中心)",https://aqicn.org/city/china/wenshanzhou/shibianminfuwuzhongxin,23.3892,104.2319,39,o3,38.0,13.0,38.6,3.2,1.6,1.9,16.9,27.1,872.2,1.0,-2.2,,,2025-11-28 15:00:00,+08:00,1764342000,2025-11-28 08:17:25
14369,104.0,2025-11-24 20:43:16,14369,"白云石井,  (广州市白云石井)",https://aqicn.org/city/guangdong/guangzhoushi/baiyunshijing,23.2264,113.2383,72,pm25,72.0,65.0,31.7,22.4,3.1,4.6,22.0,21.0,1016.0,1.5,-1.0,,,2025-11-28 14:00:00,+08:00,1764338400,2025-11-28 08:17:26
14304,72.0,2025-11-24 20:43:16,14304,"兴宁南坛,  (梅州市兴宁南坛)",https://aqicn.org/city/guangdong/meizhoushi/xingningnantan,24.81406,115.435232,65,pm25,65.0,45.0,41.9,2.8,3.6,3.7,19.6,17.0,982.1,2.0,-6.1,,,2025-11-28 14:00:00,+08:00,1764338400,2025-11-28 08:17:26
14251,65.0,2025-11-24 20:43:16,14251,"海丰牛黄山,  (汕尾市海丰牛黄山)",https://aqicn.org/city/guangdong/shanweishi/haifengniuhuangshan,22.972396,115.324567,55,pm25,55.0,45.0,37.8,3.2,2.1,4.6,22.5,28.8,1014.7,2.0,3.5,,,2025-11-28 14:00:00,+08:00,1764338400,2025-11-28 08:17:27
14250,53.0,2025-11-24 20:43:16,14250,"陆丰迎仙桥,  (汕尾市陆丰迎仙桥)",https://aqicn.org/city/guangdong/shanweishi/lufengyingxianqiao,22.944338,115.644099,72,pm25,72.0,36.0,42.7,5.1,4.1,6.4,22.5,28.8,1014.7,2.0,3.5,,,2025-11-28 14:00:00,+08:00,1764338400,2025-11-28 08:17:27
14307,68.0,2025-11-24 20:43:16,14307,"龙门县龙城,  (惠州市龙门县龙城)",https://aqicn.org/city/guangdong/huizhoushi/longmenxianlongcheng,23.736634,114.250945,53,pm25,53.0,52.0,39.0,1.9,2.6,1.9,20.4,26.9,1004.3,3.0,0.7,0.7,,2025-11-28 14:00:00,+08:00,1764338400,2025-11-28 08:17:27
14218,72.0,2025-11-24 20:43:16,14218,"罗定罗光,  (云浮市罗定罗光)",https://aqicn.org/city/guangdong/yunfushi/luodingluoguang,22.578889,111.342222,42,pm10,25.0,42.0,29.3,1.4,7.1,3.7,23.6,23.9,999.6,2.0,1.8,99.1,,2025-11-28 14:00:00,+08:00,1764338400,2025-11-28 08:17:28
7036,78.0,2025-11-24 20:43:16,7036,"yú hú, Jieyang (揭阳渔湖)",https://aqicn.org/city/guangdong/jieyang/yuhu,23.5292,116.4094,76,pm25,76.0,56.0,43.9,5.5,5.6,4.6,22.0,28.0,1016.0,1.5,3.0,,,2025-11-28 15:00:00,+08:00,1764342000,2025-11-28 08:17:28
14353,82.0,2025-11-24 20:43:16,14353,"两阳中学,  (阳江市两阳中学)",https://aqicn.org/city/guangdong/yangjiangshi/liangyangzhongxue,21.893,111.977,59,pm25,59.0,53.0,44.7,3.7,4.6,2.8,22.4,28.0,1005.9,4.0,3.0,,,2025-11-28 13:00:00,+08:00,1764334800,2025-11-28 08:17:29
13763,,2025-11-24 20:43:16,13683,"Hưng Yên/Sở TNMT - 437 Nguyễn Văn Linh, Tp Hưng Yên, Vietnam",https://aqicn.org/city/vietnam/hung-yen/so-tnmt-437-nguyen-van-linh--tp-hung-yen,20.661683,106.058761,60,pm10,45.0,60.0,33.0,11.0,6.0,5.0,25.0,31.0,1016.5,2.8,7.0,,,2025-11-28 15:00:00,+07:00,1764342000,2025-11-28 08:17:29
14402,112.0,2025-11-24 20:43:16,14361,"Jiangdong,  (河源市江东)",https://aqicn.org/city/guangdong/heyuanshi/jiangdong,23.7506,114.7389,65,pm25,65.0,64.0,41.9,1.9,3.1,4.6,20.4,26.9,1004.3,3.0,0.7,0.7,,2025-11-28 14:00:00,+08:00,1764338400,2025-11-28 08:17:29
14329,89.0,2025-11-24 20:43:16,14329,"信宜六谢,  (茂名市信宜六谢)",https://aqicn.org/city/guangdong/maomingshi/xinyiliuxie,22.349098,110.935868,61,pm25,61.0,43.0,41.1,2.8,4.6,2.8,23.6,23.9,999.6,2.0,1.8,99.1,,2025-11-28 14:00:00,+08:00,1764338400,2025-11-28 08:17:29
14518,65.0,2025-11-24 20:43:16,14518,"Puer No2 middle school, Pu'er (普洱普洱第二中学)",https://aqicn.org/city/china/puer/puerdierzhongxue,22.8322,100.9817,55,pm25,55.0,38.0,34.2,4.2,3.1,1.0,18.2,40.9,862.2,3.0,4.7,,,2025-11-28 15:00:00,+08:00,1764342000,2025-11-28 08:17:30
4293,104.0,2025-11-24 20:43:16,4293,"Mazhang EPA, Zhanjiang (湛江麻章区环保局)",https://aqicn.org/city/guangdong/zhanjiang/mazhangquhuanbaoju,21.2679,110.3316,91,pm25,91.0,54.0,47.2,6.0,3.6,3.7,22.5,32.0,1009.7,3.0,5.0,,,2025-11-28 15:00:00,+08:00,1764342000,2025-11-28 08:17:31
7188,91.0,2025-11-24 20:43:16,7188,"dàhǎi huāyuán, Fangchenggang (防城港大海花园)",https://aqicn.org/city/china/fangchenggang/dahaihuayuan,21.6414,108.3506,72,pm25,72.0,55.0,42.7,3.7,3.1,4.6,24.8,22.6,1016.0,1.0,2.0,,,2025-11-28 15:00:00,+08:00,1764342000,2025-11-28 08:17:31
14220,89.0,2025-11-24 20:43:16,14220,"丰顺八乡山,  (梅州市丰顺八乡山)",https://aqicn.org/city/guangdong/meizhoushi/fengshunbaxiangshan,23.462,115.5754,85,pm25,85.0,42.0,30.5,4.6,3.6,5.5,22.0,28.0,1016.0,1.5,3.0,,,2025-11-28 14:00:00,+08:00,1764338400,2025-11-28 08:17:32
14470,74.0,2025-11-24 20:43:16,14470,"较场尾, Shenzhen (大鹏新区 大鹏街道)",https://aqicn.org/city/shenzhen/jiaochangwei,22.598801,114.515576,76,pm25,76.0,55.0,57.1,6.4,4.6,4.6,21.6,43.0,1014.8,2.0,,,,2025-11-28 15:00:00,+08:00,1764342000,2025-11-28 08:17:32
14350,82.0,2025-11-24 20:43:16,14350,"中山南区,  (中山市中山南区)",https://aqicn.org/city/guangdong/zhongshanshi/zhongshannanqu,22.4777,113.3536,65,pm25,65.0,60.0,51.3,11.9,4.1,2.8,21.0,38.5,1016.5,5.6,6.5,,,2025-11-28 14:00:00,+08:00,1764338400,2025-11-28 08:17:32
14409,76.0,2025-11-24 20:43:16,14409,"梅江月梅,  (梅州市梅江月梅)",https://aqicn.org/city/guangdong/meizhoushi/meijiangyuemei,24.3289,116.1278,80,pm25,80.0,45.0,41.5,6.0,3.1,4.6,22.0,28.0,1016.0,1.5,3.0,,,2025-11-28 14:00:00,+08:00,1764338400,2025-11-28 08:17:33
1658,85.0,2025-11-24 20:43:16,1658,"Kinmen, Taiwan (金門)",https://aqicn.org/city/taiwan/kinmen,24.432133,118.312256,102,pm25,102.0,95.0,58.3,9.5,3.0,3.4,18.9,43.0,1017.0,4.6,4.0,,,2025-11-28 16:00:00,+08:00,1764345600,2025-11-28 08:17:33
14314,80.0,2025-11-24 20:43:16,14314,"揭西河婆,  (揭阳市揭西河婆)",https://aqicn.org/city/guangdong/jieyangshi/jiexihepo,23.451721,115.861473,74,pm25,74.0,68.0,41.9,6.4,3.1,4.6,22.0,28.0,1016.0,1.5,3.0,,,2025-11-28 14:00:00,+08:00,1764338400,2025-11-28 08:17:34
14255,72.0,2025-11-24 20:43:16,14255,"乳源乳城,  (韶关市乳源乳城)",https://aqicn.org/city/guangdong/shaoguanshi/ruyuanrucheng,24.775104,113.284707,65,pm25,65.0,56.0,45.1,2.8,3.6,5.5,20.1,30.0,1003.9,2.0,2.0,,,2025-11-28 14:00:00,+08:00,1764338400,2025-11-28 08:17:34
14217,80.0,2025-11-24 20:43:16,14217,"台山端芬,  (江门市台山端芬)",https://aqicn.org/city/guangdong/jiangmenshi/taishanduanfen,22.0608,112.607,134,pm25,134.0,59.0,39.0,6.4,4.1,2.8,21.4,30.0,1013.9,6.0,3.1,,,2025-11-28 14:00:00,+08:00,1764338400,2025-11-28 08:17:35
7199,76.0,2025-11-24 20:43:16,7199,"City Monitoring Station, Baise (百色市监测站)",https://aqicn.org/city/china/baise/shijiancezhan,23.9011,106.6103,61,pm25,61.0,30.0,35.8,2.8,3.1,3.7,22.1,38.0,997.5,2.0,7.1,,,2025-11-28 15:00:00,+08:00,1764342000,2025-11-28 08:17:35
14245,63.0,2025-11-24 20:43:16,14245,"连山广德,  (清远市连山广德)",https://aqicn.org/city/guangdong/qingyuanshi/lianshanguangde,24.572861,112.105194,55,pm25,55.0,51.0,38.6,4.2,3.1,2.8,21.4,28.9,1002.4,1.0,2.6,,,2025-11-28 14:00:00,+08:00,1764338400,2025-11-28 08:17:35
14360,122.0,2025-11-24 20:43:16,14360,"沙湖,  (江门市沙湖)",https://aqicn.org/city/guangdong/jiangmenshi/shahu,22.3517,112.4686,87,pm25,87.0,58.0,40.7,8.3,6.6,3.7,21.4,30.0,1013.9,6.0,3.1,,,2025-11-28 14:00:00,+08:00,1764338400,2025-11-28 08:17:35
4341,85.0,2025-11-24 20:43:16,4341,Meizhou (梅州),https://aqicn.org/city/meizhou,24.288615,116.122239,70,pm25,70.0,44.0,40.3,5.1,3.1,4.6,22.0,28.0,1016.0,1.5,,,,2025-11-28 15:00:00,+08:00,1764342000,2025-11-28 08:17:36
14238,74.0,2025-11-24 20:43:16,14238,"陆河河田,  (汕尾市陆河河田)",https://aqicn.org/city/guangdong/shanweishi/luhehetian,23.1819,115.40912,38,pm25,38.0,28.0,23.6,12.8,3.6,6.4,22.5,28.8,1014.7,2.0,3.5,,,2025-11-28 14:00:00,+08:00,1764338400,2025-11-28 08:17:36
14305,93.0,2025-11-24 20:43:16,14305,"博罗罗阳,  (惠州市博罗罗阳)",https://aqicn.org/city/guangdong/huizhoushi/boluoluoyang,23.174541,114.293803,63,pm25,63.0,60.0,45.5,5.5,3.1,4.6,22.4,38.8,1014.8,1.3,,,,2025-11-28 14:00:00,+08:00,1764338400,2025-11-28 08:17:37
7219,102.0,2025-11-24 20:43:16,7219,"State Water Authority, Wenshan (文山州州水务局)",https://aqicn.org/city/china/wenshanzhou/zhoushuiwuju,23.3594,104.2533,39,o3,13.0,14.0,39.0,4.6,2.6,1.9,16.9,27.1,872.2,1.0,-2.2,,,2025-11-28 15:00:00,+08:00,1764342000,2025-11-28 08:17:38
1333,93.0,2025-11-24 20:43:16,1333,"Běihú, Nanning (南宁北湖)",https://aqicn.org/city/china/nanning/beihu,22.8561,108.316,80,pm25,80.0,54.0,39.0,8.7,5.6,4.6,23.0,28.0,1017.0,1.5,4.0,,,2025-11-28 15:00:00,+08:00,1764342000,2025-11-28 08:17:38
1378,85.0,2025-11-24 20:43:16,1378,"Chenggong New Area, Kunming (昆明呈贡新区)",https://aqicn.org/city/china/kunming/chenggongxinqu,24.8885,102.821,137,pm25,137.0,24.0,48.4,5.5,1.6,5.5,15.0,26.0,1023.0,4.6,-4.0,,,2025-11-28 15:00:00,+08:00,1764342000,2025-11-28 08:17:39
14320,89.0,2025-11-24 20:43:16,14320,"雷州朝南,  (湛江市雷州朝南)",https://aqicn.org/city/guangdong/zhanjiangshi/leizhouchaonan,20.913124,110.105929,72,pm25,72.0,58.0,53.9,5.1,6.6,6.4,22.5,32.0,1009.7,3.0,5.0,,,2025-11-28 14:00:00,+08:00,1764338400,2025-11-28 08:17:39
14239,89.0,2025-11-24 20:43:16,14239,"新丰丰城,  (韶关市新丰丰城)",https://aqicn.org/city/guangdong/shaoguanshi/xinfengfengcheng,24.064879,114.232013,70,pm25,70.0,57.0,40.7,3.7,6.1,4.6,19.7,26.9,984.5,4.0,0.1,,,2025-11-28 14:00:00,+08:00,1764338400,2025-11-28 08:17:39
14225,63.0,2025-11-24 20:43:16,14225,"封开府前,  (肇庆市封开府前)",https://aqicn.org/city/guangdong/zhaoqingshi/fengkaifuqian,23.425061,111.515576,59,pm25,59.0,52.0,35.8,7.8,1.1,4.6,20.5,28.1,1004.1,1.0,1.4,,,2025-11-28 14:00:00,+08:00,1764338400,2025-11-28 08:17:41
917,85.0,2025-11-24 20:43:16,917,"Songgang, Shenzhen (宝安区 松岗街道)",https://aqicn.org/city/shenzhen/songgang,22.764405,113.848641,74,pm25,74.0,54.0,55.2,9.2,5.6,4.6,23.0,20.0,1016.0,2.5,-1.0,,,2025-11-28 15:00:00,+08:00,1764342000,2025-11-28 08:17:41
801,61.0,2025-11-24 20:43:16,801,"Shuāngqiáo, Jiangmen (江门双桥)",https://aqicn.org/city/guangdong/jiangmen/shuangqiao,22.5862,112.5814,82,pm25,82.0,65.0,42.3,7.8,3.6,2.8,21.9,22.1,1010.3,1.0,-0.7,,,2025-11-28 14:00:00,+08:00,1764338400,2025-11-28 08:17:41
4692,74.0,2025-11-24 20:43:16,4692,"Chaonanzi Station, Shantou (汕头潮南子站)",https://aqicn.org/city/china/shantou/chaonanzizhan,23.2536,116.4019,82,pm25,82.0,70.0,54.5,7.8,4.1,3.7,22.0,28.0,1016.0,1.5,3.0,,,2025-11-28 15:00:00,+08:00,1764342000,2025-11-28 08:17:41
14384,122.0,2025-11-24 20:43:16,14384,"高明更合,  (佛山市高明更合)",https://aqicn.org/city/guangdong/fushanshi/gaominggenghe,22.8051,112.5151,99,pm25,99.0,65.0,37.0,7.4,7.1,7.3,21.9,22.1,1010.3,1.0,-0.7,,,2025-11-28 14:00:00,+08:00,1764338400,2025-11-28 08:17:41
14399,74.0,2025-11-24 20:43:16,14399,"高明富湾,  (佛山市高明富湾)",https://aqicn.org/city/guangdong/fushanshi/gaomingfuwan,23.0015,112.8441,104,pm25,104.0,70.0,36.6,8.7,5.6,7.3,22.0,21.0,1016.0,1.5,-1.0,,,2025-11-28 14:00:00,+08:00,1764338400,2025-11-28 08:17:41
14317,72.0,2025-11-24 20:43:16,14317,"阳春城东,  (阳江市阳春城东)",https://aqicn.org/city/guangdong/yangjiangshi/yangchunchengdong,22.177671,111.804279,65,pm25,65.0,53.0,43.5,3.7,3.6,4.6,22.4,28.0,1005.9,4.0,3.0,,,2025-11-28 14:00:00,+08:00,1764338400,2025-11-28 08:17:41
14240,91.0,2025-11-24 20:43:16,14240,"翁源龙仙,  (韶关市翁源龙仙)",https://aqicn.org/city/guangdong/shaoguanshi/wengyuanlongxian,24.362844,114.143038,67,pm10,57.0,67.0,41.9,2.3,4.1,4.6,19.7,26.9,984.5,4.0,0.1,,,2025-11-28 14:00:00,+08:00,1764338400,2025-11-28 08:17:42
14241,72.0,2025-11-24 20:43:16,14241,"大埔湖寮,  (梅州市大埔湖寮)",https://aqicn.org/city/guangdong/meizhoushi/dapuhuliao,24.210664,116.411486,80,pm25,80.0,53.0,42.7,3.2,2.6,5.5,22.0,28.0,1016.0,1.5,3.0,,,2025-11-28 14:00:00,+08:00,1764338400,2025-11-28 08:17:42
12916,72.0,2025-11-24 20:43:16,12916,"Island/Taipower Guoyeh, Taiwan",https://aqicn.org/city/taiwan/island/taipower-guoyeh,23.57886111,119.6763056,81,pm10,68.0,81.0,,,,,20.5,64.0,1015.7,5.6,14.0,,,2025-11-28 15:00:00,+08:00,1764342000,2025-11-28 08:17:42
7556,99.0,2025-11-24 20:43:16,7556,"Sewage treatment plant, Honghe (红河州污水处理厂)",https://aqicn.org/city/china/honghezhou/wushuichulichang,23.3993,103.3772,107,pm25,107.0,54.0,44.7,5.1,18.3,1.0,16.9,27.1,872.2,1.0,-2.2,,,2025-11-28 15:00:00,+08:00,1764342000,2025-11-28 08:17:43
1502,82.0,2025-11-24 20:43:16,1502,Quanzhou (泉州),https://aqicn.org/city/quanzhou,24.874699,118.675464,112,pm25,112.0,105.0,53.2,7.8,2.6,4.6,22.0,30.0,1017.0,3.6,,,,2025-11-28 15:00:00,+08:00,1764342000,2025-11-28 08:17:43
14219,114.0,2025-11-24 20:43:16,14219,"徐闻海安,  (湛江市徐闻海安)",https://aqicn.org/city/guangdong/zhanjiangshi/xuwenhaian,20.521388,110.314666,65,pm25,65.0,37.0,46.3,3.7,3.6,2.8,22.0,46.0,1016.0,7.7,10.0,,,2025-11-28 14:00:00,+08:00,1764338400,2025-11-28 08:17:44
7205,91.0,2025-11-24 20:43:16,7205,"shì jí kòng zhōngxīn, Hechi (河池市疾控中心)",https://aqicn.org/city/china/hechi/shijikongzhongxin,24.6967,108.1009,61,pm25,61.0,30.0,40.3,3.2,2.6,3.7,22.4,24.1,987.3,1.0,0.9,,,2025-11-28 15:00:00,+08:00,1764342000,2025-11-28 08:17:44
14357,63.0,2025-11-24 20:43:16,14357,"四会威整,  (肇庆市四会威整)",https://aqicn.org/city/guangdong/zhaoqingshi/sihuiweizheng,24.6969,115.1909,72,pm25,72.0,61.0,40.3,2.8,3.1,1.9,19.6,17.0,982.1,2.0,-6.1,,,2025-11-28 14:00:00,+08:00,1764338400,2025-11-28 08:17:44
7185,80.0,2025-11-24 20:43:16,7185,"lóng xīn, Wuzhou (梧州龙新)",https://aqicn.org/city/china/wuzhou/longxin,23.4794,111.26,85,pm25,85.0,60.0,35.0,2.3,2.6,2.8,20.5,28.1,1004.1,1.0,1.4,,,2025-11-28 15:00:00,+08:00,1764342000,2025-11-28 08:17:45
3450,74.0,2025-11-24 20:43:16,3450,"Hexi water supply company, Liuzhou (柳州河西水厂)",https://aqicn.org/city/china/liuzhou/hexishuichang,24.3406,109.3886,95,pm25,95.0,61.0,43.1,5.5,7.6,6.4,21.2,27.1,982.2,2.0,1.5,,,2025-11-28 15:00:00,+08:00,1764342000,2025-11-28 08:17:45
14296,80.0,2025-11-24 20:43:16,14296,"连平连中,  (河源市连平连中)",https://aqicn.org/city/guangdong/heyuanshi/lianpinglianzhong,24.375277,114.473055,78,pm25,78.0,55.0,41.1,1.9,4.1,2.8,19.7,26.9,984.5,4.0,0.1,,,2025-11-28 14:00:00,+08:00,1764338400,2025-11-28 08:17:45
4294,107.0,2025-11-24 20:43:16,4294,"Potou District EPB, Zhanjiang (湛江坡头区环保局)",https://aqicn.org/city/guangdong/zhanjiang/potouquhuanbaoju,21.2567,110.4558,87,pm25,87.0,56.0,48.0,4.6,6.1,4.6,22.5,32.0,1009.7,3.0,5.0,,,2025-11-28 15:00:00,+08:00,1764342000,2025-11-28 08:17:46
1567,78.0,2025-11-24 20:43:16,1567,Yuxi (玉溪),https://aqicn.org/city/yuxi,24.352036,102.546543,50,pm25,50.0,39.0,40.7,6.0,4.1,2.8,15.0,26.0,1023.0,4.6,,99.2,,2025-11-28 15:00:00,+08:00,1764342000,2025-11-28 08:17:46
14331,80.0,2025-11-24 20:43:16,14331,"高要湖西,  (肇庆市高要湖西)",https://aqicn.org/city/guangdong/zhaoqingshi/gaoyaohuxi,23.0166,112.4575,55,pm25,55.0,51.0,39.4,3.7,3.6,2.8,22.0,21.0,1016.0,1.5,-1.0,,,2025-11-28 14:00:00,+08:00,1764338400,2025-11-28 08:17:46
14319,87.0,2025-11-24 20:43:16,14319,"阳西城区,  (阳江市阳西城区)",https://aqicn.org/city/guangdong/yangjiangshi/yangxichengqu,21.756039,111.613483,70,pm25,70.0,47.0,43.9,3.2,4.1,3.7,22.4,28.0,1005.9,4.0,3.0,,,2025-11-28 14:00:00,+08:00,1764338400,2025-11-28 08:17:47
2568,72.0,2025-11-24 20:43:16,2568,"Tung Chung, HongKong (東涌)",https://aqicn.org/city/hongkong/tung-chung,22.288916,113.9435389,70,pm25,70.0,47.0,26.4,19.1,0.7,5.1,22.0,30.0,1016.0,4.1,4.0,,,2025-11-28 15:00:00,+08:00,1764342000,2025-11-28 08:17:48
3928,95.0,2025-11-24 20:43:16,3928,"Tuen Mun, HongKong (屯門)",https://aqicn.org/city/hongkong/tuen-mun,22.390373,113.97628,82,pm25,82.0,57.0,42.4,27.1,3.5,3.9,23.4,30.1,1014.8,1.8,,,,2025-11-28 15:00:00,+08:00,1764342000,2025-11-28 08:17:48
14397,87.0,2025-11-24 20:43:16,14397,"祥龙,  (江门市祥龙)",https://aqicn.org/city/guangdong/jiangmenshi/xianglong,22.3557,112.677,82,pm25,82.0,59.0,39.8,11.9,5.1,3.7,21.0,38.5,1016.5,5.6,6.5,,,2025-11-28 14:00:00,+08:00,1764338400,2025-11-28 08:17:48
4339,87.0,2025-11-24 20:43:16,4339,Jieyang (揭阳),https://aqicn.org/city/jieyang,23.549993,116.372831,89,pm25,89.0,57.0,40.3,7.8,5.6,4.6,22.0,28.0,1016.0,1.5,,,,2025-11-28 15:00:00,+08:00,1764342000,2025-11-28 08:17:49
14295,89.0,2025-11-24 20:43:16,14295,"和平新华,  (河源市和平新华)",https://aqicn.org/city/guangdong/heyuanshi/hepingxinhua,24.407083,114.939138,69,pm10,53.0,69.0,40.7,3.7,0.6,3.7,19.7,26.9,984.5,4.0,0.1,,,2025-11-28 14:00:00,+08:00,1764338400,2025-11-28 08:17:49
14412,82.0,2025-11-24 20:43:16,14412,"南城元美,  (东莞市南城元美)",https://aqicn.org/city/guangdong/dongguanshi/nanchengyuanmei,23.0206,113.7506,78,pm25,78.0,57.0,57.8,9.2,4.6,5.5,23.0,20.0,1016.0,2.5,-1.0,,,2025-11-28 14:00:00,+08:00,1764338400,2025-11-28 08:17:49
9848,89.0,2025-11-24 20:43:16,9848,"shì bāshí liù zhōng, Guangzhou (广州市八十六中)",https://aqicn.org/city/guangdong/guangzhou/shibashiliuzhong,23.105,113.433,57,pm25,57.0,40.0,37.8,3.7,4.6,2.8,22.0,21.0,1016.0,1.5,-1.0,,,2025-11-28 15:00:00,+08:00,1764342000,2025-11-28 08:17:50
14301,76.0,2025-11-24 20:43:16,14301,"蕉岭镇山,  (梅州市蕉岭镇山)",https://aqicn.org/city/guangdong/meizhoushi/jiaolingzhenshan,24.394411,116.10794,76,pm25,76.0,51.0,35.8,5.5,4.1,4.6,21.6,29.0,1003.9,2.0,2.8,,,2025-11-28 14:00:00,+08:00,1764338400,2025-11-28 08:17:50
14302,57.0,2025-11-24 20:43:16,14302,"平远大道,  (梅州市平远大道)",https://aqicn.org/city/guangdong/meizhoushi/pingyuandadao,24.334994,115.533932,70,pm25,70.0,41.0,40.3,2.8,2.6,2.8,21.6,29.0,1003.9,2.0,2.8,,,2025-11-28 14:00:00,+08:00,1764338400,2025-11-28 08:17:50
781,82.0,2025-11-24 20:43:16,781,"Tianhu, Guangzhou (广州天湖)",https://aqicn.org/city/guangdong/guangzhou/tianhu,23.6502,113.6246,65,pm25,65.0,28.0,43.1,2.3,2.1,4.6,22.0,21.0,1016.0,1.5,-1.0,,,2025-11-28 14:00:00,+08:00,1764338400,2025-11-28 08:17:51
7191,93.0,2025-11-24 20:43:16,7191,"gǎng qū yī xiǎo, Qinzhou (钦州港区一小)",https://aqicn.org/city/china/qinzhou/gangquyixiao,21.7431,108.5989,99,pm25,99.0,69.0,43.1,8.7,4.1,4.6,21.6,28.0,1011.3,5.0,2.3,,,2025-11-28 15:00:00,+08:00,1764342000,2025-11-28 08:17:52
7200,102.0,2025-11-24 20:43:16,7200,"Blood Center, Baise (百色市中心血站)",https://aqicn.org/city/china/baise/shizhongxinxuezhan,23.8844,106.6527,68,pm25,68.0,36.0,35.8,4.6,3.6,3.7,22.1,38.0,997.5,2.0,7.1,,,2025-11-28 15:00:00,+08:00,1764342000,2025-11-28 08:17:52
14410,40.0,2025-11-24 20:43:16,14410,"南澳后宅,  (汕头市南澳后宅)",https://aqicn.org/city/guangdong/shantoushi/nanaohouzhai,23.428056,117.018611,91,pm10,68.0,91.0,51.3,3.7,1.6,2.8,22.0,28.0,1016.0,1.5,3.0,,,2025-11-28 14:00:00,+08:00,1764338400,2025-11-28 08:17:52
14459,87.0,2025-11-24 20:43:16,14459,"龙田子站, Shenzhen (坪山区 龙田街道)",https://aqicn.org/city/shenzhen/longtianzizhan,22.72666,114.359167,70,pm25,70.0,53.0,46.3,9.6,3.1,2.8,21.6,43.0,1014.8,2.0,,,,2025-11-28 15:00:00,+08:00,1764342000,2025-11-28 08:17:53
14322,117.0,2025-11-24 20:43:16,14322,"遂溪建设,  (湛江市遂溪建设)",https://aqicn.org/city/guangdong/zhanjiangshi/suixijianshe,21.382778,110.247778,97,pm25,97.0,51.0,43.5,5.1,6.6,3.7,22.5,32.0,1009.7,3.0,5.0,,,2025-11-28 14:00:00,+08:00,1764338400,2025-11-28 08:17:53
4338,85.0,2025-11-24 20:43:16,4338,Chaozhou (潮州),https://aqicn.org/city/chaozhou,23.65695,116.622604,76,pm25,76.0,49.0,40.3,3.7,2.6,1.9,22.0,28.0,1016.0,1.5,,,,2025-11-28 14:00:00,+08:00,1764338400,2025-11-28 08:17:54
4265,91.0,2025-11-24 20:43:16,4265,"Petrochemical No. 7 elementaty school, Maoming (茂名茂石化七小)",https://aqicn.org/city/guangdong/maoming/maoshihuaqixiao,21.6533,110.9294,55,pm25,55.0,44.0,45.5,3.7,5.6,3.7,23.6,23.9,999.6,2.0,1.8,99.1,,2025-11-28 15:00:00,+08:00,1764342000,2025-11-28 08:17:54
2571,92.0,2025-11-24 20:43:16,2571,"Central, HongKong (中環)",https://aqicn.org/city/hongkong/central,22.2796569,114.1719873,79,pm25,79.0,51.0,19.1,48.4,3.0,2.8,22.4,31.2,1015.5,1.7,,,,2025-11-28 15:00:00,+08:00,1764342000,2025-11-28 08:17:55
7186,87.0,2025-11-24 20:43:16,7186,"shā wàn, Fangchenggang (防城港沙万)",https://aqicn.org/city/china/fangchenggang/shawan,21.6158,108.3411,72,pm25,72.0,54.0,39.8,3.2,3.1,2.8,24.8,22.6,1016.0,1.0,2.0,,,2025-11-28 15:00:00,+08:00,1764342000,2025-11-28 08:17:55
3489,82.0,2025-11-24 20:43:16,3489,"Forest area, Shaoguan (韶关园林处)",https://aqicn.org/city/china/shaoguan/yuanlinchu,24.795928,113.598061,74,pm25,74.0,42.0,43.5,3.7,5.1,2.8,20.1,30.0,1003.9,2.0,2.0,,,2025-11-28 15:00:00,+08:00,1764342000,2025-11-28 08:17:56
14267,87.0,2025-11-24 20:43:16,14267,"始兴丹凤,  (韶关市始兴丹凤)",https://aqicn.org/city/guangdong/shaoguanshi/shixingdanfeng,24.959292,114.070703,74,pm25,74.0,67.0,45.1,6.0,4.6,4.6,20.1,30.0,1003.9,2.0,2.0,,,2025-11-28 14:00:00,+08:00,1764338400,2025-11-28 08:17:57
14234,89.0,2025-11-24 20:43:16,14234,"高栏港,  (珠海市高栏港)",https://aqicn.org/city/guangdong/zhuhaishi/gaolangang,21.9391,113.2308,72,pm25,72.0,55.0,49.6,9.2,3.6,6.4,21.0,38.5,1016.5,5.6,6.5,,,2025-11-28 14:00:00,+08:00,1764338400,2025-11-28 08:17:57
7189,50.0,2025-11-24 20:43:16,7189,"City EPA station, Qinzhou (钦州市环保站)",https://aqicn.org/city/china/qinzhou/shihuanbaozhan,21.9667,108.6236,72,pm25,72.0,59.0,43.5,4.6,2.1,5.5,23.0,28.0,1017.0,1.5,4.0,,,2025-11-28 15:00:00,+08:00,1764342000,2025-11-28 08:17:58
9857,80.0,2025-11-24 20:43:16,9857,"xīnshì fǔ, Yunfu (云浮新市府)",https://aqicn.org/city/guangdong/yunfu/xinshifu,22.9169,112.0392,65,pm25,65.0,53.0,35.8,4.2,3.6,1.9,21.9,22.1,1010.3,1.0,-0.7,,,2025-11-28 14:00:00,+08:00,1764338400,2025-11-28 08:17:58
3423,78.0,2025-11-24 20:43:16,3423,"Jīntóu bù, Quanzhou (泉州津头埔)",https://aqicn.org/city/china/quanzhou/jintoupu,24.8978,118.5972,112,pm25,112.0,99.0,48.8,7.8,2.6,3.7,22.0,30.0,1017.0,3.6,4.0,,,2025-11-28 15:00:00,+08:00,1764342000,2025-11-28 08:17:59
4282,85.0,2025-11-24 20:43:16,4282,"Xiyuan Road, Chaozhou (潮州西园路)",https://aqicn.org/city/guangdong/chaozhou/xiyuanlu,23.6714,116.6339,76,pm25,76.0,49.0,40.3,3.7,2.6,1.9,22.0,28.0,1016.0,1.5,3.0,,,2025-11-28 14:00:00,+08:00,1764338400,2025-11-28 08:17:59
1540,89.0,2025-11-24 20:43:16,1540,Zhuhai (珠海),https://aqicn.org/city/zhuhai,22.270715,113.576726,99,pm25,99.0,56.0,47.2,13.3,4.6,1.9,23.0,20.0,1016.0,2.5,,,,2025-11-28 15:00:00,+08:00,1764342000,2025-11-28 08:17:59
7217,68.0,2025-11-24 20:43:16,7217,"City EPA, Lincang (临沧市环保局)",https://aqicn.org/city/china/lincang/shihuanbaoju,23.8822,100.0869,61,pm25,61.0,18.0,39.8,1.0,2.1,4.6,17.8,24.1,839.4,2.0,-3.0,,,2025-11-28 15:00:00,+08:00,1764342000,2025-11-28 08:17:59
3514,80.0,2025-11-24 20:43:16,3514,Qingyuan (清远),https://aqicn.org/city/qingyuan,23.681764,113.056031,65,pm25,65.0,37.0,48.8,4.2,5.6,3.7,22.0,21.0,1016.0,1.5,,,,2025-11-28 14:00:00,+08:00,1764338400,2025-11-28 08:18:00
1335,65.0,2025-11-24 20:43:16,1335,"Daziran Garden, Nanning (南宁大自然花园)",https://aqicn.org/city/china/nanning/daziranhuayuan,22.805,108.383,107,pm25,107.0,63.0,35.4,13.3,5.1,3.7,23.0,28.0,1017.0,1.5,4.0,,,2025-11-28 15:00:00,+08:00,1764342000,2025-11-28 08:18:01
14641,77.0,2025-11-24 20:43:16,14641,"Thái Bình/Trạm quan trắc khí tại Thái Thụy, Vietnam",https://aqicn.org/city/vietnam/thai-binh/tram-quan-trac-khi-tai-thai-thuy,20.461641,106.516972,48,pm25,48.0,48.0,,,,,24.2,33.0,1017.3,2.0,6.9,,,2025-11-28 15:00:00,+07:00,1764342000,2025-11-28 08:18:01
7195,61.0,2025-11-24 20:43:16,7195,"hé chéngzi zhàn, Guigang (贵港荷城子站)",https://aqicn.org/city/china/guigang/hechengzizhan,23.1036,109.5683,61,pm25,61.0,52.0,39.8,4.2,3.1,3.7,21.3,23.0,1002.1,3.0,-0.7,,,2025-11-28 15:00:00,+08:00,1764342000,2025-11-28 08:18:01
13253,63.0,2025-11-24 20:43:16,12961,"Bắc Ninh/TT Quan trắc - phường Suối Hoa - TP Bắc Ninh, Vietnam",https://aqicn.org/city/vietnam/bac-ninh/tt-quan-trac-phuong-suoi-hoa-tp-bac-ninh,21.1873402,106.0742958,7,pm25,7.0,4.0,6.0,,,1.0,25.0,31.0,1016.5,2.8,7.0,,,2025-11-28 15:00:00,+07:00,1764342000,2025-11-28 08:18:01
7206,93.0,2025-11-24 20:43:16,7206,"shì huánbǎo jú jiāng zhōu fēnjú, Chongzuo (崇左市环保局江州分局)",https://aqicn.org/city/china/chongzuo/shihuanbaojujiangzhoufenju,22.4137,107.3476,74,pm25,74.0,53.0,37.0,3.7,2.1,3.7,23.0,28.0,1017.0,1.5,4.0,,,2025-11-28 15:00:00,+08:00,1764342000,2025-11-28 08:18:02
14335,85.0,2025-11-24 20:43:16,14335,"郁南城西,  (云浮市郁南城西)",https://aqicn.org/city/guangdong/yunfushi/yunanchengxi,23.232962,111.537261,91,pm25,91.0,52.0,29.3,13.3,4.6,4.6,20.5,28.1,1004.1,1.0,1.4,,,2025-11-28 14:00:00,+08:00,1764338400,2025-11-28 08:18:03
14464,93.0,2025-11-24 20:43:16,14464,"石岩子站, Shenzhen (宝安区 石岩街道)",https://aqicn.org/city/shenzhen/shiyanzizhan,22.677317,113.950139,74,pm25,74.0,52.0,55.8,7.4,3.6,4.6,23.0,20.0,1016.0,2.5,-1.0,,,2025-11-28 15:00:00,+08:00,1764342000,2025-11-28 08:18:04
14243,68.0,2025-11-24 20:43:16,14243,"阳山城北,  (清远市阳山城北)",https://aqicn.org/city/guangdong/qingyuanshi/yangshanchengbei,24.477909,112.642972,72,pm25,72.0,62.0,42.3,2.8,3.6,2.8,21.4,28.9,1002.4,1.0,2.6,,,2025-11-28 14:00:00,+08:00,1764338400,2025-11-28 08:18:04
12961,13.0,2025-11-24 20:43:16,12961,"Bắc Ninh/TT Quan trắc - phường Suối Hoa - TP Bắc Ninh, Vietnam",https://aqicn.org/city/vietnam/bac-ninh/tt-quan-trac-phuong-suoi-hoa-tp-bac-ninh,21.1873402,106.0742958,7,pm25,7.0,4.0,6.0,,,1.0,25.0,31.0,1016.5,2.8,7.0,,,2025-11-28 15:00:00,+07:00,1764342000,2025-11-28 08:18:04
14308,76.0,2025-11-24 20:43:16,14308,"仲恺陈江,  (惠州市仲恺陈江)",https://aqicn.org/city/guangdong/huizhoushi/zhongkaichenjiang,23.013941,114.325313,65,pm25,65.0,57.0,45.9,4.2,2.6,1.9,22.4,38.8,1014.8,1.3,,,,2025-11-28 14:00:00,+08:00,1764338400,2025-11-28 08:18:04
14299,76.0,2025-11-24 20:43:16,14299,"龙川老隆,  (河源市龙川老隆)",https://aqicn.org/city/guangdong/heyuanshi/longchuanlaolong,24.111183,115.283371,70,pm25,70.0,57.0,38.2,3.2,2.1,1.0,20.4,26.9,1004.3,3.0,0.7,0.7,,2025-11-28 14:00:00,+08:00,1764338400,2025-11-28 08:18:05
14275,80.0,2025-11-24 20:43:16,14275,"横琴,  (珠海市横琴)",https://aqicn.org/city/guangdong/zhuhaishi/hengqin,22.1163,113.5433,76,pm25,76.0,58.0,48.0,9.2,4.6,2.8,21.0,38.5,1016.5,5.6,6.5,,,2025-11-28 14:00:00,+08:00,1764338400,2025-11-28 08:18:05
13684,126.0,2025-11-24 20:43:16,13684,"Hưng Yên/Nhà văn hóa xã Tân Quang - h.Văn Lâm, Vietnam",https://aqicn.org/city/vietnam/hung-yen/nha-van-hoa-xa-tan-quang-h.van-lam,20.980478,105.974463,87,pm25,87.0,69.0,6.0,33.0,10.0,8.0,14.5,84.5,1022.0,2.5,12.0,,,2025-11-28 09:00:00,+07:00,1764320400,2025-11-28 08:18:06
14326,114.0,2025-11-24 20:43:16,14326,"高州教育,  (茂名市高州教育)",https://aqicn.org/city/guangdong/maomingshi/gaozhoujiaoyu,21.919196,110.86338,89,pm25,89.0,56.0,45.9,3.7,5.1,3.7,23.6,23.9,999.6,2.0,1.8,99.1,,2025-11-28 14:00:00,+08:00,1764338400,2025-11-28 08:18:06
1606,50.0,2025-11-24 20:43:16,1606,"Longtan, Taiwan (龍潭)",https://aqicn.org/city/taiwan/longtan,24.863869,121.21635,95,pm10,87.0,95.0,31.3,7.8,2.0,2.2,18.3,59.0,1016.0,2.6,11.5,,,2025-11-28 16:00:00,+08:00,1764345600,2025-11-28 08:18:06
14328,104.0,2025-11-24 20:43:16,14328,"化州博龙,  (茂名市化州博龙)",https://aqicn.org/city/guangdong/maomingshi/huazhoubolong,21.64168,110.662698,80,pm25,80.0,63.0,34.6,4.2,6.1,2.8,21.8,28.9,1013.3,3.0,2.9,,,2025-11-28 11:00:00,+08:00,1764327600,2025-11-28 08:18:06
1625,70.0,2025-11-24 20:43:16,1625,"Puzi, Taiwan (朴子)",https://aqicn.org/city/taiwan/puzih,23.465308,120.24735,95,pm25,95.0,88.0,40.0,10.2,2.5,3.2,21.8,60.0,1014.0,1.8,16.0,,,2025-11-28 16:00:00,+08:00,1764345600,2025-11-28 08:18:07
7221,76.0,2025-11-24 20:43:16,7221,"Jinghong City Jiangnan, Xishuangbanna (西双版纳州景洪市江南)",https://aqicn.org/city/china/xishuangbannazhou/jinghongshijiangnan,22.0019,100.7939,80,pm25,80.0,28.0,37.8,2.8,2.1,3.7,23.0,35.9,950.5,1.0,7.1,,,2025-11-28 15:00:00,+08:00,1764342000,2025-11-28 08:18:07
1660,50.0,2025-11-24 20:43:16,1660,"Guanshan, Taiwan (關山)",https://aqicn.org/city/taiwan/guanshan,23.045083,121.161933,80,pm25,80.0,78.0,28.9,5.1,2.2,2.2,18.0,71.0,1016.0,2.2,15.0,,,2025-11-28 16:00:00,+08:00,1764345600,2025-11-28 08:18:07
7914,99.0,2025-11-24 20:43:16,7914,Honghe (红河州),https://aqicn.org/city/honghe,23.36313,103.374799,107,pm25,107.0,54.0,44.7,5.1,18.3,1.0,16.9,27.1,872.2,1.0,,0.7,,2025-11-28 15:00:00,+08:00,1764342000,2025-11-28 08:18:07
7026,91.0,2025-11-24 20:43:16,7026,"Jinjuzui, Foshan (佛山金桔咀)",https://aqicn.org/city/guangdong/fushan/jinjieju,22.819722,113.261667,78,pm25,78.0,62.0,37.0,8.7,4.1,3.7,23.0,20.0,1016.0,2.5,-1.0,,,2025-11-28 14:00:00,+08:00,1764338400,2025-11-28 08:18:09
1653,65.0,2025-11-24 20:43:16,1653,"Zhushan, Taiwan (竹山)",https://aqicn.org/city/taiwan/jhushan,23.756389,120.677306,89,pm25,89.0,58.0,36.9,9.1,3.2,2.8,22.7,54.0,983.9,0.1,,,,2025-11-28 16:00:00,+08:00,1764345600,2025-11-28 08:18:09
14312,37.0,2025-11-24 20:43:16,14312,"惠来惠城,  (揭阳市惠来惠城)",https://aqicn.org/city/guangdong/jieyangshi/huilaihuicheng,23.036388,116.289722,82,pm25,82.0,64.0,49.6,6.9,3.6,3.7,22.0,28.0,1016.0,1.5,3.0,,,2025-11-28 14:00:00,+08:00,1764338400,2025-11-28 08:18:09
1643,82.0,2025-11-24 20:43:16,1643,"Pingtung, Taiwan (屏東)",https://aqicn.org/city/taiwan/pingtung,22.673081,120.488033,97,pm25,97.0,52.0,36.8,13.4,2.9,4.2,24.5,76.0,1013.0,1.3,17.0,,,2025-11-28 16:00:00,+08:00,1764345600,2025-11-28 08:18:09
1661,78.0,2025-11-24 20:43:16,1661,"Mailiao, Taiwan (麥寮)",https://aqicn.org/city/taiwan/mailiao,23.753506,120.251825,102,pm25,102.0,97.0,45.9,4.6,2.0,2.3,21.3,66.0,1014.0,6.3,14.0,,,2025-11-28 16:00:00,+08:00,1764345600,2025-11-28 08:18:09
2481,,2025-11-24 20:43:16,2481,"Maezato, Ishigaki, Okinawa, Japan (石垣石垣市)",https://aqicn.org/city/japan/ishigakishi/ishigaki,24.3403337,124.1872098,59,pm25,59.0,,29.6,1.0,,,20.0,68.0,1016.0,5.6,14.0,,,2025-11-28 16:00:00,+09:00,1764345600,2025-11-28 08:18:10
1628,65.0,2025-11-24 20:43:16,1628,"Xinying, Taiwan (新營)",https://aqicn.org/city/taiwan/sinying,23.305633,120.31725,99,pm25,99.0,60.0,39.8,12.2,5.0,4.0,24.1,58.0,1014.0,0.6,16.0,,,2025-11-28 16:00:00,+08:00,1764345600,2025-11-28 08:18:10
1646,38.0,2025-11-24 20:43:16,1646,"Taitung, Taiwan (台東)",https://aqicn.org/city/taiwan/taitung,22.755358,121.15045,85,pm25,85.0,66.0,23.8,12.2,1.2,2.7,20.6,64.0,1016.2,1.7,15.0,,,2025-11-28 16:00:00,+08:00,1764345600,2025-11-28 08:18:10
1621,70.0,2025-11-24 20:43:16,1621,"Nantou, Taiwan (南投)",https://aqicn.org/city/taiwan/nantou,23.913,120.685306,80,pm25,80.0,55.0,38.6,11.9,2.2,3.4,22.9,63.0,984.1,1.8,,,,2025-11-28 16:00:00,+08:00,1764345600,2025-11-28 08:18:11
2486,25.0,2025-11-24 20:43:16,2486,"Hirara, Miyakojima, Okinawa, Japan (平良宮古島市)",https://aqicn.org/city/japan/miyakojimashi/taira,24.8035377,125.2879675,70,pm25,70.0,38.0,36.8,1.0,,,21.0,60.0,1016.0,5.6,13.0,,,2025-11-28 16:00:00,+09:00,1764345600,2025-11-28 08:18:12
1622,93.0,2025-11-24 20:43:16,1622,"Douliu, Taiwan (斗六)",https://aqicn.org/city/taiwan/douliou,23.711853,120.544994,72,pm25,72.0,58.0,39.8,9.3,2.8,2.8,23.0,55.0,984.1,0.6,,,,2025-11-28 16:00:00,+08:00,1764345600,2025-11-28 08:18:13
1632,74.0,2025-11-24 20:43:16,1632,"Meinong, Taiwan (美濃)",https://aqicn.org/city/taiwan/meinong,22.883583,120.530542,78,pm25,78.0,35.0,31.3,5.2,1.6,3.3,24.0,60.0,1014.0,1.0,16.0,,,2025-11-28 16:00:00,+08:00,1764345600,2025-11-28 08:18:13
1647,25.0,2025-11-24 20:43:16,1647,"Hualien, Taiwan (花蓮)",https://aqicn.org/city/taiwan/hualien,23.971306,121.599769,90,pm10,82.0,90.0,28.1,8.7,2.0,3.3,20.1,62.0,1018.0,2.4,,,,2025-11-28 15:00:00,+08:00,1764342000,2025-11-28 08:18:13
1610,68.0,2025-11-24 20:43:16,1610,"Toufen, Taiwan (頭份)",https://aqicn.org/city/taiwan/toufen,24.696969,120.898572,97,pm10,78.0,97.0,33.0,8.9,2.9,2.4,21.0,54.0,1016.0,8.4,11.5,,,2025-11-28 16:00:00,+08:00,1764345600,2025-11-28 08:18:13
1620,59.0,2025-11-24 20:43:16,1620,"Erlin, Taiwan (二林)",https://aqicn.org/city/taiwan/erlin,23.925175,120.409653,111,pm10,93.0,111.0,42.2,7.5,4.5,3.6,21.9,58.0,1015.0,4.9,12.0,,,2025-11-28 16:00:00,+08:00,1764345600,2025-11-28 08:18:13
12593,112.0,2025-11-24 20:43:16,12593,"Yun-Chia-Nan/Tainan City/Chengxili, Taiwan",https://aqicn.org/city/taiwan/yun-chia-nan/tainan-city/chengxili,23.0426,120.1547,129,pm25,129.0,115.0,36.8,7.5,2.9,4.5,24.5,58.5,1015.0,0.5,16.0,,,2025-11-28 15:00:00,+08:00,1764342000,2025-11-28 08:18:14
12582,78.0,2025-11-24 20:43:16,12582,"Central/TaiChung City/Houli, Taiwan",https://aqicn.org/city/taiwan/central/taichung-city/houli,24.3074,120.7145,87,pm25,87.0,67.0,41.6,10.2,4.9,3.4,22.6,48.0,1015.0,1.6,12.5,,,2025-11-28 15:00:00,+08:00,1764342000,2025-11-28 08:18:14
12618,147.0,2025-11-24 20:43:16,12618,"Kao-ping/CPC Linyuan Q1, Taiwan",https://aqicn.org/city/taiwan/kao-ping/cpc-linyuan-q1,22.48904,120.409161,89,pm25,89.0,,12.8,4.7,5.2,5.7,23.3,69.0,1013.0,1.5,17.0,,,2025-11-28 15:00:00,+08:00,1764342000,2025-11-28 08:18:14
1614,70.0,2025-11-24 20:43:16,1614,"Shalu, Taiwan (沙鹿)",https://aqicn.org/city/taiwan/shalu,24.225628,120.568794,103,pm10,87.0,103.0,39.0,9.8,0.8,2.3,22.0,53.0,1015.0,5.1,12.0,,,2025-11-28 16:00:00,+08:00,1764345600,2025-11-28 08:18:15
12594,55.0,2025-11-24 20:43:16,12594,"Yun-Chia-Nan/Tainan City/Nanxi, Taiwan",https://aqicn.org/city/taiwan/yun-chia-nan/tainan-city/nanxi,23.1771,120.4921,70,pm25,70.0,52.0,36.1,4.7,2.2,3.5,24.5,58.5,1015.0,0.5,16.0,,,2025-11-28 15:00:00,+08:00,1764342000,2025-11-28 08:18:16
1611,65.0,2025-11-24 20:43:16,1611,"Miaoli, Taiwan (苗栗)",https://aqicn.org/city/taiwan/miaoli,24.565269,120.8202,89,pm10,87.0,89.0,35.6,7.6,1.6,2.3,22.5,46.0,1015.0,2.0,12.0,,,2025-11-28 16:00:00,+08:00,1764345600,2025-11-28 08:18:16
1650,68.0,2025-11-24 20:43:16,1650,"Dongshan, Taiwan (冬山)",https://aqicn.org/city/taiwan/dongshan,24.632203,121.792928,89,pm10,78.0,89.0,25.5,4.9,1.9,1.8,19.3,63.0,1016.0,1.5,12.0,,,2025-11-28 16:00:00,+08:00,1764345600,2025-11-28 08:18:16
1656,76.0,2025-11-24 20:43:16,1656,"Puli, Taiwan (埔里)",https://aqicn.org/city/taiwan/puli,23.968842,120.967903,68,pm25,68.0,30.0,29.1,6.7,1.6,2.8,20.4,71.0,984.1,2.2,,,,2025-11-28 16:00:00,+08:00,1764345600,2025-11-28 08:18:16
1645,50.0,2025-11-24 20:43:16,1645,"Hengchun, Taiwan (恆春)",https://aqicn.org/city/taiwan/hengchun,21.958069,120.788928,82,pm25,82.0,55.0,34.7,1.2,0.9,1.6,20.4,68.0,1013.0,4.7,17.0,,,2025-11-28 16:00:00,+08:00,1764345600,2025-11-28 08:18:18
1638,117.0,2025-11-24 20:43:16,1638,"Nanzi, Taiwan (楠梓)",https://aqicn.org/city/taiwan/nanzih,22.733667,120.328289,117,pm25,117.0,63.0,26.0,26.3,3.2,4.5,25.0,66.0,1013.0,0.8,17.0,,,2025-11-28 16:00:00,+08:00,1764345600,2025-11-28 08:18:18
1627,68.0,2025-11-24 20:43:16,1627,"Chiayi, Taiwan (嘉義)",https://aqicn.org/city/taiwan/chiayi,23.462778,120.440833,91,pm25,91.0,67.0,36.8,16.1,3.0,3.9,24.5,60.0,1014.0,0.3,16.0,,,2025-11-28 16:00:00,+08:00,1764345600,2025-11-28 08:18:19
13260,153.0,2025-11-24 20:43:16,13260,"Kao-ping/CPC Dalin A1, Taiwan",https://aqicn.org/city/taiwan/kao-ping/cpc-dalin-a1,22.532316,120.336613,112,pm25,112.0,,15.2,14.9,3.8,20.9,22.8,70.0,1014.7,0.5,17.0,,,2025-11-28 14:00:00,+08:00,1764338400,2025-11-28 08:18:19
14646,42.0,2025-11-24 20:43:16,14646,"Hua-Tung/Taitung County/Fengli, Taiwan",https://aqicn.org/city/taiwan/hua-tung/taitung-county/fengli,22.73681667,121.12183611,72,pm25,72.0,61.0,34.4,5.6,0.9,2.6,20.6,64.0,1016.2,1.7,15.0,,,2025-11-28 16:00:00,+08:00,1764345600,2025-11-28 08:18:19
