global_uid,global_aqi_snapshot,global_snapshot_utc,station_idx,station_name,station_url,lat,lon,aqi,dominentpol,pm25,pm10,o3,no2,so2,co,t,h,p,w,dew,rain,uv,station_time,station_tz,station_unix,ingested_at_utc
13650,19.0,2025-11-24 20:43:16,13650,"Pesawaran, Indonesia",https://aqicn.org/city/indonesia/pesawaran,-5.17,105.178,15,pm25,15.0,,,,,,26.0,76.7,999.0,2.0,21.6,99.3,,2025-11-27 01:00:00,+07:00,1764205200,2025-11-26 22:10:43
13653,67.0,2025-11-24 20:43:16,13653,"Sleman, Indonesia",https://aqicn.org/city/indonesia/sleman,-7.731,110.354,46,pm25,46.0,,,,,,26.4,87.2,1008.2,1.5,24.1,0.2,,2025-11-27 01:00:00,+07:00,1764205200,2025-11-26 22:10:44
13841,31.0,2025-11-24 20:43:16,13841,"Maros, Indonesia",https://aqicn.org/city/indonesia/maros,-4.997,119.57,56,pm25,56.0,,,,,,26.6,87.2,1006.5,1.0,24.3,0.5,,2025-11-27 01:00:00,+07:00,1764205200,2025-11-26 22:10:44
10490,45.0,2025-11-24 20:43:16,10490,"Pangkalanbun, Indonesia",https://aqicn.org/city/indonesia/pangkalanbun,-2.676583,111.626448,56,pm25,56.0,,,,,,25.5,93.6,1005.8,2.0,24.4,0.2,,2025-11-27 01:00:00,+07:00,1764205200,2025-11-26 22:10:44
14903,79.0,2025-11-24 20:43:16,14903,"Talang Betutu Palembang, Indonesia",https://aqicn.org/city/indonesia/talang-betutu-palembang,-2.94,104.7,117,pm25,117.0,,,,,,27.5,90.5,1007.4,1.5,25.8,99.0,,2025-11-27 01:00:00,+07:00,1764205200,2025-11-26 22:10:44
8292,14.0,2025-11-24 20:43:16,8292,"Banjarbaru, Indonesia",https://aqicn.org/city/indonesia/banjarbaru,-3.475,114.856,75,pm25,75.0,,,,,,27.0,94.0,1007.5,0.7,26.0,,,2025-11-27 01:00:00,+07:00,1764205200,2025-11-26 22:10:46
8289,85.0,2025-11-24 20:43:16,8289,"Jambi, Indonesia",https://aqicn.org/city/indonesia/jambi,-1.6318964,103.6414547,56,pm25,56.0,,,,,,25.2,93.6,1005.7,0.5,24.1,1.2,,2025-11-27 01:00:00,+07:00,1764205200,2025-11-26 22:10:46
8294,25.0,2025-11-24 20:43:16,8294,"Kemayoran, Indonesia",https://aqicn.org/city/indonesia/kemayoran,-6.155,106.846,55,pm25,55.0,,,,,,27.0,78.0,1008.0,3.0,23.0,,,2025-11-27 01:00:00,+07:00,1764205200,2025-11-26 22:10:46
13651,89.0,2025-11-24 20:43:16,13651,"Semarang, Indonesia",https://aqicn.org/city/indonesia/semarang,-6.985,110.381,69,pm25,69.0,,,,,,26.4,87.2,1008.2,1.5,24.1,0.2,,2025-11-27 01:00:00,+07:00,1764205200,2025-11-26 22:10:46
13655,56.0,2025-11-24 20:43:16,13655,"Supadio, Indonesia",https://aqicn.org/city/indonesia/supadio,-0.14,109.45,120,pm25,120.0,,,,,,25.0,100.0,1008.0,1.0,25.0,,,2025-11-27 01:00:00,+07:00,1764205200,2025-11-26 22:10:47
13645,23.0,2025-11-24 20:43:16,13645,"Kotabaru, Indonesia",https://aqicn.org/city/indonesia/kotabaru,-3.3,116.17,45,pm25,45.0,,,,,,26.5,89.3,1007.1,1.0,24.6,5.5,,2025-11-27 01:00:00,+07:00,1764205200,2025-11-26 22:10:47
13647,59.0,2025-11-24 20:43:16,13647,"Malang, Indonesia",https://aqicn.org/city/indonesia/malang,-7.9551897,112.6119383,8,pm25,8.0,,,,,,27.4,85.2,1007.9,2.0,24.7,99.2,,2025-11-27 01:00:00,+07:00,1764205200,2025-11-26 22:10:47
11755,,2025-11-24 20:43:16,8288,"Pekanbaru, Indonesia",https://aqicn.org/city/indonesia/pekanbaru,0.46667,101.4666,159,pm25,159.0,,,,,,25.6,90.9,1004.2,2.5,24.0,99.0,,2025-11-27 01:00:00,+07:00,1764205200,2025-11-26 22:10:47
1827,,2025-11-24 20:43:16,1827,"Municipal Health Center 1, Phuket, Thailand (ศูนย์บริการสาธารณสุข 1 กองการแพทย์ เทศบาลนครภูเก็ต)",https://aqicn.org/city/thailand/phuket/municipal-health-center-1,7.884488,98.391283,56,pm25,56.0,28.0,,7.5,0.6,,24.0,83.0,1009.0,1.5,21.0,,,2025-11-27 04:00:00,+07:00,1764216000,2025-11-26 22:10:49
1823,66.0,2025-11-24 20:43:16,1823,"Lampang Meteorological Station, Thailand (สถานีอุตุนิยมวิทยาลำปาง)",https://aqicn.org/city/thailand/lampang-meteorological-station,18.2783333,99.5064666,75,pm25,75.0,75.0,11.5,1.8,0.6,0.1,12.2,94.0,1015.3,0.5,,,,2025-11-27 03:00:00,+07:00,1764212400,2025-11-26 22:10:50
13644,59.0,2025-11-24 20:43:16,13644,"Bengkulu, Indonesia",https://aqicn.org/city/indonesia/bengkulu,-3.865,102.312,12,pm25,12.0,,,,,,25.0,95.3,1007.1,0.5,24.2,3.4,,2025-11-27 01:00:00,+07:00,1764205200,2025-11-26 22:10:50
1868,79.0,2025-11-24 20:43:16,1868,"Provincial Administrative Stadium, Lamphun, Thailand (สนามกีฬาองค์การบริหารส่วนจังหวัดลำพูน)",https://aqicn.org/city/thailand/lamphun/provincial-administrative-stadium,18.567194,99.038639,85,pm25,85.0,82.0,14.6,7.5,0.6,,15.0,93.0,1018.0,1.0,14.0,,,2025-11-27 04:00:00,+07:00,1764216000,2025-11-26 22:10:50
8342,27.0,2025-11-24 20:43:16,8342,"Palangka Raya, Indonesia",https://aqicn.org/city/indonesia/palangkaraya,-2.22611,113.945,30,pm25,30.0,,,,,,,,,,,,,2025-11-27 01:00:00,+07:00,1764205200,2025-11-26 22:10:50
13654,,2025-11-24 20:43:16,6442,Winnellie,https://aqicn.org/city/australia/northen/winnellie,-12.424323299931126,130.89335024356842,16,pm25,16.0,7.0,3.1,0.6,3.7,0.4,26.7,91.2,1006.1,3.99,25.7,12.8,,2025-11-27 07:00:00,+09:30,1764226800,2025-11-26 22:10:50
8287,31.0,2025-11-24 20:43:16,2597,"Seri Manjung, Perak, Malaysia",https://aqicn.org/city/malaysia/perak/seri-manjung,4.200344,100.663358,27,,,,,,,,26.0,88.0,1006.0,2.0,24.0,,,2025-11-27 06:00:00,+08:00,1764223200,2025-11-26 22:10:51
6818,87.0,2025-11-24 20:43:16,6818,"Regional Environmental Office 8, Thailand (สำนักงานสิ่งแวดล้อมภาคที่ 8 ราชบุรี)",https://aqicn.org/city/thailand/regional-environmental-office-8,13.5234,99.814082,111,pm25,111.0,25.0,4.4,2.9,0.6,0.1,21.0,64.0,1013.0,4.1,14.0,,,2025-11-27 04:00:00,+07:00,1764216000,2025-11-26 22:10:51
1828,60.0,2025-11-24 20:43:16,1828,"Natural Resources and Environment Office, Chiangrai, Thailand (สำนักงานทรัพยากรธรรมชาติและสิ่งแวดล้อมจังหวัดเชียงราย)",https://aqicn.org/city/thailand/chiangrai/natural-resources-and-environment-office,19.909217,99.823467,72,pm25,72.0,25.0,12.7,0.6,,0.1,13.3,98.5,985.1,0.1,,,,2025-11-27 04:00:00,+07:00,1764216000,2025-11-26 22:10:51
8293,90.0,2025-11-24 20:43:16,8293,"Samarinda, Indonesia",https://aqicn.org/city/indonesia/samarinda,-0.4825,117.1563,63,pm25,63.0,,,,,,28.5,91.0,1007.0,1.5,27.0,,,2025-11-27 01:00:00,+07:00,1764205200,2025-11-26 22:10:51
1831,70.0,2025-11-24 20:43:16,1831,"Knowledge Park, Phayao, Thailand (อุทยานการเรียนรู้กว๊านพะเยา)",https://aqicn.org/city/thailand/phayao/knowledge-park,19.200226,99.893048,75,pm25,75.0,77.0,13.1,6.4,,0.1,13.3,98.6,985.1,0.1,,,,2025-11-27 04:00:00,+07:00,1764216000,2025-11-26 22:10:52
8646,25.0,2025-11-24 20:43:16,8646,"Indrapuri, Indonesia",https://aqicn.org/city/indonesia/indrapuri,5.404,95.475,8,pm25,8.0,,,,,,24.1,95.9,1008.5,0.5,23.4,8.6,,2025-11-27 01:00:00,+07:00,1764205200,2025-11-26 22:10:52
9587,,2025-11-24 20:43:16,9587,"Chiangrai - Gaia Station 07, Thailand",https://aqicn.org/city/thailand/chiangrai---gaia-station-07,19.858547,99.90148,97,pm25,97.0,34.8,,,,,14.0,93.0,1020.0,0.5,13.0,,,2025-11-27 05:00:00,+07:00,1764219600,2025-11-26 22:10:53
1829,14.0,2025-11-24 20:43:16,1829,"Natural Resources and Environment Office, Mae Hongson, Thailand (สำนักงานทรัพยากรธรรมชาติและสิ่งแวดล้อมจังหวัดแม่ฮ่องสอน)",https://aqicn.org/city/thailand/mae-hongson/natural-resources-and-environment-office,19.30455,97.97165,15,pm10,13.0,15.0,4.8,3.5,,0.1,16.1,95.7,987.0,1.5,16.6,,,2025-11-27 04:00:00,+07:00,1764216000,2025-11-26 22:10:53
2583,22.0,2025-11-24 20:43:16,2583,"Langkawi, Kedah, Malaysia",https://aqicn.org/city/malaysia/kedah/langkawi,6.331539,99.85846,38,,,,,,,,26.0,78.0,1008.0,2.5,22.0,,,2025-11-27 05:00:00,+08:00,1764219600,2025-11-26 22:10:54
8324,63.0,2025-11-24 20:43:16,8324,"Health Promotion Hospital Sob Pad, Lampang, Thailand (โรงพยาบาลส่งเสริมสุขภาพตำบลบ้านสบป้าด ลำปาง)",https://aqicn.org/city/thailand/lampang/health-promotion-hospital-sob-pad,18.2508166,99.76395,72,pm25,72.0,11.0,0.4,0.6,1.1,0.1,12.2,94.0,1015.3,0.5,,,,2025-11-27 03:00:00,+07:00,1764212400,2025-11-26 22:10:54
13576,,2025-11-24 20:43:16,13576,"Prachuap Khiri Khan - Gaia Station 10, Thailand",https://aqicn.org/city/thailand/prachuap-khiri-khan/gaia-10,11.80027,99.790596,102,pm25,102.0,39.3,,,,,23.0,62.7,1012.0,2.0,15.5,,,2025-11-27 05:00:00,+07:00,1764219600,2025-11-26 22:10:55
10481,79.0,2025-11-24 20:43:16,10481,"Pak Prak, Kanchanaburi, Kanchanaburi, Thailand (ต.ปากแพรก อ.เมือง จ.กาญจนบุรี)",https://aqicn.org/city/thailand/kanchanaburi/kanchanaburi/pak-prak,14.022376,99.536195,99,pm25,99.0,47.0,6.7,,,0.1,20.0,86.6,1010.3,1.0,17.7,,,2025-11-27 04:00:00,+07:00,1764216000,2025-11-26 22:10:55
13629,,2025-11-24 20:43:16,13628,"Polytechnic College, Trang, Thailand (วิทยาลัยสารพัดช่างตรัง)",https://aqicn.org/city/thailand/trang/polytechnic-college,7.570238,99.588743,35,pm25,35.0,13.0,,0.6,,0.1,24.0,88.0,1010.0,2.5,22.0,,,2025-11-27 04:00:00,+07:00,1764216000,2025-11-26 22:10:55
13628,62.0,2025-11-24 20:43:16,13628,"Polytechnic College, Trang, Thailand (วิทยาลัยสารพัดช่างตรัง)",https://aqicn.org/city/thailand/trang/polytechnic-college,7.570238,99.588743,35,pm25,35.0,13.0,,0.6,,0.1,24.0,88.0,1010.0,2.5,22.0,,,2025-11-27 04:00:00,+07:00,1764216000,2025-11-26 22:10:56
8325,43.0,2025-11-24 20:43:16,8325,"Health Promotion Hospital Ta See, Lampang, Thailand (โรงพยาบาลส่งเสริมสุขภาพตำบลบ้านท่าสี ลำปาง)",https://aqicn.org/city/thailand/lampang/health-promotion-hospital-ta-see,18.4267833,99.7576333,71,pm25,71.0,12.0,0.8,1.2,0.6,0.1,12.2,94.0,1015.3,0.5,,,,2025-11-27 03:00:00,+07:00,1764212400,2025-11-26 22:10:56
2597,27.0,2025-11-24 20:43:16,2597,"Seri Manjung, Perak, Malaysia",https://aqicn.org/city/malaysia/perak/seri-manjung,4.200344,100.663358,27,,,,,,,,26.0,88.0,1006.0,2.0,24.0,,,2025-11-27 06:00:00,+08:00,1764223200,2025-11-26 22:10:56
9013,65.0,2025-11-24 20:43:16,9013,"Mae Pa,Mae Sot,Tak, Thailand (ต.แม่ปะ อ.แม่สอด จ.ตาก)",https://aqicn.org/city/thailand/tak/mae-sot/mae-pa,16.734413,98.566961,79,pm25,79.0,79.0,4.8,12.1,,0.1,17.0,94.4,1001.9,1.0,16.1,,,2025-11-27 03:00:00,+07:00,1764212400,2025-11-26 22:10:57
1826,,2025-11-24 20:43:16,1827,"Municipal Health Center 1, Phuket, Thailand (ศูนย์บริการสาธารณสุข 1 กองการแพทย์ เทศบาลนครภูเก็ต)",https://aqicn.org/city/thailand/phuket/municipal-health-center-1,7.884488,98.391283,56,pm25,56.0,28.0,,7.5,0.6,,24.0,83.0,1009.0,1.5,21.0,,,2025-11-27 04:00:00,+07:00,1764216000,2025-11-26 22:10:58
1854,,2025-11-24 20:43:16,9014,"Tha Tum, Si Maha Phot, Prachin Buri, Thailand (ต.ท่าตูม อ.ศรีมหาโพธิ จ.ปราจีนบุรี)",https://aqicn.org/city/thailand/prachin-buri/si-maha-phot/tha-tum,13.917563,101.590529,86,pm25,86.0,56.0,5.2,,,,21.0,68.0,1013.0,2.8,15.0,,,2025-11-27 04:00:00,+07:00,1764216000,2025-11-26 22:10:58
2625,31.0,2025-11-24 20:43:16,2625,"Batu Muda,Kuala Lumpur, Wilayah Persekutuan, Malaysia",https://aqicn.org/city/malaysia/wilayah-persekutuan/batu-muda-kuala-lumpur,3.212439,101.682228,36,,,,,,,,26.0,94.0,1007.0,1.5,25.0,,,2025-11-27 06:00:00,+08:00,1764223200,2025-11-26 22:10:59
2600,26.0,2025-11-24 20:43:16,2600,"Perai, Pulau Pinang, Malaysia",https://aqicn.org/city/malaysia/pulau-pinang/perai,5.329358,100.443475,33,,,,,,,,24.0,88.0,1007.0,1.5,22.0,,,2025-11-27 05:00:00,+08:00,1764219600,2025-11-26 22:10:59
1852,,2025-11-24 20:43:16,2599,"Kangar, Perlis, Malaysia",https://aqicn.org/city/malaysia/perlis/kangar,6.429922,100.211069,17,,,,,,,,26.0,88.0,1007.0,2.0,24.0,,,2025-11-25 20:00:00,+08:00,1764100800,2025-11-26 22:10:59
1822,55.0,2025-11-24 20:43:16,1822,"Yupparaj Wittayalai School, Chiangmai, Thailand (โรงเรียนยุพราชวิทยาลัย)",https://aqicn.org/city/thailand/chiangmai/yupparaj-wittayalai-school,18.7909333,98.99,70,pm25,70.0,82.0,14.6,7.5,0.6,,15.0,93.0,1018.5,1.2,14.0,,,2025-11-27 04:00:00,+07:00,1764216000,2025-11-26 22:11:00
8322,70.0,2025-11-24 20:43:16,8322,"Health Promotion Hospital Ban Khao Hin,Chonburi, Thailand (โรงพยาบาลส่งเสริมสุขภาพตำบลบ้านเขาหิน ชลบุรี)",https://aqicn.org/city/thailand/chonburi/health-promotion-hospital-ban-khao-hin,13.054551,101.098128,94,pm25,94.0,51.0,5.6,7.5,0.6,,21.5,80.0,1012.0,4.8,18.0,,,2025-11-27 04:00:00,+07:00,1764216000,2025-11-26 22:11:00
2607,54.0,2025-11-24 20:43:16,2607,"Bintulu, Sarawak, Malaysia",https://aqicn.org/city/malaysia/sarawak/bintulu,3.177084,113.041091,39,,,,,,,,24.0,100.0,1008.0,1.5,24.0,,,2025-11-27 06:00:00,+08:00,1764223200,2025-11-26 22:11:00
5191,55.0,2025-11-24 20:43:16,5191,Wuzhishan (五指山),https://aqicn.org/city/wuzhishan,18.775147,109.516925,65,pm25,65.0,40.0,55.8,3.2,4.1,2.9,18.0,59.0,1017.0,0.5,,,,2025-11-27 05:00:00,+08:00,1764219600,2025-11-26 22:11:00
13630,116.0,2025-11-24 20:43:16,13630,"Meteorological stations, Nakhon Phanom, Thailand (สถานีอุตุนิยมวิทยานครพนม)",https://aqicn.org/city/thailand/nakhon-phanom/meteorological-stations,17.412345,104.7786123,105,pm25,105.0,53.0,21.7,19.6,6.4,0.1,13.8,93.1,999.7,0.5,13.9,,,2025-11-27 04:00:00,+07:00,1764216000,2025-11-26 22:11:00
13648,27.0,2025-11-24 20:43:16,13648,"Mempawah, Indonesia",https://aqicn.org/city/indonesia/mempawah,0.124,110.456,55,pm25,55.0,,,,,,,,,,,,,2025-11-27 01:00:00,+07:00,1764205200,2025-11-26 22:11:01
8288,112.0,2025-11-24 20:43:16,8288,"Pekanbaru, Indonesia",https://aqicn.org/city/indonesia/pekanbaru,0.46667,101.4666,159,pm25,159.0,,,,,,25.6,90.9,1004.2,2.5,24.0,99.0,,2025-11-27 01:00:00,+07:00,1764205200,2025-11-26 22:11:01
12797,111.0,2025-11-24 20:43:16,12797,"Nai Mueang,Mueang,Ubon Ratchathani , Thailand (ต.ในเมือง อ.เมือง จ.อุบลราชธานี)",https://aqicn.org/city/thailand/ubon-ratchathani/mueang/nai-mueang,15.245413,104.846219,94,pm25,94.0,50.0,9.5,4.1,0.6,0.1,18.0,77.0,1015.0,7.2,14.0,,,2025-11-27 04:00:00,+07:00,1764216000,2025-11-26 22:11:02
12760,16.0,2025-11-24 20:43:16,12760,"Betong, Thailand (ต.เบตง อ.เบตง จ.ยะลา)",https://aqicn.org/city/thailand/betong,5.763873,101.067903,23,pm25,23.0,,,,,,25.0,83.0,1009.0,3.6,22.0,,,2025-11-26 22:00:00,+07:00,1764194400,2025-11-26 22:11:03
12796,142.0,2025-11-24 20:43:16,12796,"Lat Yai,Mueang,Samut Songkhram, Thailand (ต.ลาดใหญ่ อ.เมือง จ.สมุทรสงคราม)",https://aqicn.org/city/thailand/samut-songkhram/mueang/lat-yai,13.428581,100.024664,154,pm25,154.0,66.0,4.4,4.1,0.6,0.1,22.0,60.0,1013.0,4.6,14.0,,,2025-11-27 04:00:00,+07:00,1764216000,2025-11-26 22:11:03
5193,114.0,2025-11-24 20:43:16,5193,Qionghai (琼海),https://aqicn.org/city/qionghai,19.258404,110.47465,102,pm25,102.0,53.0,32.5,6.4,2.6,4.1,19.0,68.0,1019.0,4.6,,,,2025-11-27 05:00:00,+08:00,1764219600,2025-11-26 22:11:03
13632,,2025-11-24 20:43:16,5107,"Government Center, Rayong, Thailand (ศูนย์ราชการระยอง)",https://aqicn.org/city/thailand/rayong/government-center,12.7066,101.18055,66,pm25,66.0,33.0,7.5,11.0,2.2,0.1,21.5,80.0,1012.0,4.8,18.0,,,2025-11-27 04:00:00,+07:00,1764216000,2025-11-26 22:11:04
1870,77.0,2025-11-24 20:43:16,1870,"Provincial Health Office, Loei, Thailand (สำนักงานสาธารณสุขจังหวัดเลย)",https://aqicn.org/city/thailand/loei/provincial-health-office,17.4525229,101.7272395,87,pm25,87.0,36.0,,0.6,,,14.3,93.8,986.5,1.0,15.0,,,2025-11-27 04:00:00,+07:00,1764216000,2025-11-26 22:11:04
2618,13.0,2025-11-24 20:43:16,2618,"Kuala Selangor, Selangor, Malaysia",https://aqicn.org/city/malaysia/selangor/kuala-selangor,3.321308,101.256242,27,,,,,,,,24.4,99.0,1006.8,0.1,,,,2025-11-27 05:00:00,+08:00,1764219600,2025-11-26 22:11:04
1666,30.0,2025-11-24 20:43:16,1666,"Central, Singapore",https://aqicn.org/city/singapore/central,1.3666667,103.8,55,pm25,55.0,26.0,15.0,,2.0,4.0,27.0,83.0,1007.0,1.0,24.0,,,2025-11-27 05:00:00,+08:00,1764219600,2025-11-26 22:11:04
8115,12.0,2025-11-24 20:43:16,8115,"Brunei Muara, Brunei",https://aqicn.org/city/brunei/brunei-muara,4.9311206,114.9516869,2,,,,,,,,25.0,100.0,1007.0,1.5,25.0,,,2025-11-26 16:00:00,+08:00,1764172800,2025-11-26 22:11:04
8640,59.0,2025-11-24 20:43:16,8640,"Lingshui Tufu Bay, Lingshuixian (陵水县陵水土福湾)",https://aqicn.org/city/china/lingshuixian/lingshuitufuwan,18.403055,109.818054,76,pm25,76.0,40.0,45.1,3.7,3.6,4.1,18.0,59.0,1017.0,0.5,10.0,,,2025-11-27 05:00:00,+08:00,1764219600,2025-11-26 22:11:06
2590,34.0,2025-11-24 20:43:16,2590,"Seremban, Negeri Sembilan, Malaysia",https://aqicn.org/city/malaysia/negeri-sembilan/seremban,2.723381,101.968497,35,,,,,,,,25.5,91.0,1006.0,1.0,24.0,,,2025-11-27 05:00:00,+08:00,1764219600,2025-11-26 22:11:06
2598,15.0,2025-11-24 20:43:16,2598,"Tanjung Malim, Perak, Malaysia",https://aqicn.org/city/malaysia/perak/tanjung-malim,3.687758,101.524494,25,,,,,,,,24.4,99.0,1007.1,0.3,,,,2025-11-27 06:00:00,+08:00,1764223200,2025-11-26 22:11:06
13662,24.0,2025-11-24 20:43:16,13662,"Trà Vinh/xã Dân Thành, TX Duyên Hải, Vietnam",https://aqicn.org/city/vietnam/tra-vinh/xa-dan-thanh--tx-duyen-hai,9.599143,106.51985,18,pm25,18.0,9.0,,,,,,,,,,,,2025-11-27 05:00:00,+07:00,1764219600,2025-11-26 22:11:07
2626,60.0,2025-11-24 20:43:16,2626,"Cheras,Kuala Lumpur, Wilayah Persekutuan, Malaysia",https://aqicn.org/city/malaysia/wilayah-persekutuan/cheras-kuala-lumpur,3.106236,101.717917,35,,,,,,,,26.0,94.0,1007.0,1.5,25.0,,,2025-11-27 06:00:00,+08:00,1764223200,2025-11-26 22:11:07
2599,19.0,2025-11-24 20:43:16,2599,"Kangar, Perlis, Malaysia",https://aqicn.org/city/malaysia/perlis/kangar,6.429922,100.211069,17,,,,,,,,26.0,88.0,1007.0,2.0,24.0,,,2025-11-25 20:00:00,+08:00,1764100800,2025-11-26 22:11:08
1844,,2025-11-24 20:43:16,4693,"Bangkok University Rangsit Campus, Pathum Thani, Thailand (มหาวิทยาลัยกรุงเทพ วิทยาเขตรังสิต)",https://aqicn.org/city/thailand/pathum-thani/bangkok-university-rangsit-campus,14.03742,100.605216,91,pm25,91.0,55.0,9.5,,2.2,0.1,21.0,64.0,1013.0,4.1,14.0,,,2025-11-27 04:00:00,+07:00,1764216000,2025-11-26 22:11:08
9498,19.0,2025-11-24 20:43:16,9498,"Besut, Terengganu, Malaysia",https://aqicn.org/city/malaysia/terengganu/besut,5.748449,102.515632,35,,,,,,,,26.0,83.0,1008.0,3.0,23.0,,,2025-11-27 05:00:00,+08:00,1764219600,2025-11-26 22:11:08
13636,73.0,2025-11-24 20:43:16,13636,"72nd Anniversary King Bhumibol Public Park, Uttaradit, Thailand (สวนมหามงคลเฉลิมพระชนมพรรษา 6 รอบ 5 ธันวาคม 2552 อุตรดิตถ์)",https://aqicn.org/city/thailand/uttaradit/72nd-anniversary-king-bhumibol-public-park,17.631352,100.09896,85,pm25,85.0,34.0,7.1,2.4,,,19.0,14.6,1007.7,2.5,-8.6,,,2025-11-27 04:00:00,+07:00,1764216000,2025-11-26 22:11:09
2624,23.0,2025-11-24 20:43:16,2624,"Paka, Terengganu, Malaysia",https://aqicn.org/city/malaysia/terengganu/paka,4.598064,103.434819,28,,,,,,,,25.0,100.0,1007.0,3.0,25.0,,,2025-11-27 05:00:00,+08:00,1764219600,2025-11-26 22:11:09
5534,69.0,2025-11-24 20:43:16,5534,"Pluakdaeng District Health Office, Thailand (สำนักงานสาธารณสุขอำเภอปลวกแดง)",https://aqicn.org/city/thailand/pluakdaeng-district-health-office,12.97378333,101.21285,80,pm25,80.0,58.0,0.4,4.1,0.6,0.1,21.0,82.0,1012.0,4.1,18.0,,,2025-11-27 04:00:00,+07:00,1764216000,2025-11-26 22:11:10
9489,19.0,2025-11-24 20:43:16,9489,"Minden, Pulau Pinang, Malaysia",https://aqicn.org/city/malaysia/pulau-pinang/minden,5.356211,100.30792,38,,,,,,,,24.0,88.0,1007.0,2.0,22.0,,,2025-11-27 06:00:00,+08:00,1764223200,2025-11-26 22:11:10
1825,65.0,2025-11-24 20:43:16,1825,"Nakhonsawan Irrigation , Nakhon Sawan, Thailand (โครงการชลประทานนครสวรรค์)",https://aqicn.org/city/thailand/nakhon-sawan/nakhonsawan-irrigation,15.68623,100.110556,81,pm25,81.0,70.0,14.2,3.5,0.6,0.1,20.5,81.4,1012.8,1.0,17.2,,,2025-11-27 03:00:00,+07:00,1764212400,2025-11-26 22:11:11
1842,96.0,2025-11-24 20:43:16,1842,"City Hall, Samut Prakan, Thailand (ศาลากลางจังหวัดสมุทรปราการ)",https://aqicn.org/city/thailand/samut-prakan/city-hall,13.599149,100.597345,129,pm25,129.0,55.0,13.4,9.3,0.6,0.1,25.0,53.1,1014.3,3.0,14.8,,,2025-11-26 23:00:00,+07:00,1764198000,2025-11-26 22:11:11
9501,26.0,2025-11-24 20:43:16,9501,"Mukah, Sarawak, Malaysia",https://aqicn.org/city/malaysia/sarawak/mukah,2.883238,112.019742,24,,,,,,,,24.0,94.0,1008.0,2.5,23.0,,,2025-11-27 06:00:00,+08:00,1764223200,2025-11-26 22:11:11
2621,31.0,2025-11-24 20:43:16,2621,"Shah Alam, Selangor, Malaysia",https://aqicn.org/city/malaysia/selangor/shah-alam,3.104717,101.556222,42,,,,,,,,26.0,94.0,1007.0,1.5,25.0,,,2025-11-27 05:00:00,+08:00,1764219600,2025-11-26 22:11:12
9450,,2025-11-24 20:43:16,9450,"Chiangrai - Gaia Station 01, Thailand",https://aqicn.org/city/thailand/chiangrai---gaia-station-01,19.687157,100.19024,73,pm25,73.0,24.1,,,,,14.0,93.0,1020.0,0.5,13.0,,,2025-11-27 05:00:00,+07:00,1764219600,2025-11-26 22:11:12
2591,54.0,2025-11-24 20:43:16,2591,"Balok Baru, Kuantan, Pahang, Malaysia",https://aqicn.org/city/malaysia/pahang/balok-baru--kuantan,3.960644,103.382158,52,,,,,,,,24.0,94.0,1007.0,1.5,23.0,,,2025-11-27 05:00:00,+08:00,1764219600,2025-11-26 22:11:12
12758,73.0,2025-11-24 20:43:16,12758,"The Bhubing Palace Doi Buak Ha, Thailand (พระตำหนักภูพิงคราชนิเวศน์)",https://aqicn.org/city/thailand/the-bhubing-palace-doi-buak-ha,13.779873,100.646009,86,pm25,86.0,49.0,6.7,12.7,,,21.0,68.0,1013.0,2.5,15.0,,,2025-11-27 04:00:00,+07:00,1764216000,2025-11-26 22:11:13
8645,83.0,2025-11-24 20:43:16,8645,"Batam, Indonesia",https://aqicn.org/city/indonesia/batam,1.124,104.126,76,pm25,76.0,,,,,,27.5,88.5,1009.5,0.5,25.5,,,2025-11-27 01:00:00,+07:00,1764205200,2025-11-26 22:11:14
2617,55.0,2025-11-24 20:43:16,2617,"Banting, Selangor, Malaysia",https://aqicn.org/city/malaysia/selangor/banting,2.816689,101.623158,57,,,,,,,,26.0,88.0,1006.0,1.0,24.0,,,2025-11-26 23:00:00,+08:00,1764198000,2025-11-26 22:11:14
1343,114.0,2025-11-24 20:43:16,1343,"Hainan Normal University, Haikou (海口海南师范大学)",https://aqicn.org/city/china/haikou/hainanshifandaxue,19.9969,110.338,89,pm25,89.0,53.0,34.2,6.0,6.1,4.8,19.0,68.0,1019.0,4.6,13.0,,,2025-11-27 05:00:00,+08:00,1764219600,2025-11-26 22:11:15
9556,19.0,2025-11-24 20:43:16,9556,"Kota Bharu, Kelantan, Malaysia",https://aqicn.org/city/malaysia/kelantan/kota-bharu,6.147431,102.249236,52,,,,,,,,26.0,83.0,1008.0,3.0,23.0,,,2025-11-27 06:00:00,+08:00,1764223200,2025-11-26 22:11:15
10482,,2025-11-24 20:43:16,2599,"Kangar, Perlis, Malaysia",https://aqicn.org/city/malaysia/perlis/kangar,6.429922,100.211069,17,,,,,,,,26.0,88.0,1007.0,2.0,24.0,,,2025-11-25 20:00:00,+08:00,1764100800,2025-11-26 22:11:15
2589,50.0,2025-11-24 20:43:16,2589,"Port Dickson, Negeri Sembilan, Malaysia",https://aqicn.org/city/malaysia/negeri-sembilan/port-dickson,2.441383,101.866858,57,,,,,,,,25.5,91.0,1006.0,1.0,24.0,,,2025-11-27 05:00:00,+08:00,1764219600,2025-11-26 22:11:15
3688,,2025-11-24 20:43:16,13637,"Nong Prajak Public Park, Udon Thani, Thailand (สวนสาธารณะหนองประจักษ์ อุดรธานี)",https://aqicn.org/city/thailand/udon-thani/nong-prajak-public-park,17.414174,102.780926,88,pm25,88.0,,,,,,15.0,82.0,1017.0,1.0,12.0,,,2025-11-27 04:00:00,+07:00,1764216000,2025-11-26 22:11:16
9494,29.0,2025-11-24 20:43:16,9494,"Kluang, Johor, Malaysia",https://aqicn.org/city/malaysia/johor/kluang,2.037882,103.312063,35,,,,,,,,25.0,94.0,1007.0,0.5,24.0,,,2025-11-27 06:00:00,+08:00,1764223200,2025-11-26 22:11:16
5779,,2025-11-24 20:43:16,2612,"Miri, Sarawak, Malaysia",https://aqicn.org/city/malaysia/sarawak/miri,4.424679,114.012426,19,,,,,,,,24.0,94.0,1008.0,2.0,23.0,,,2025-11-27 04:00:00,+08:00,1764216000,2025-11-26 22:11:16
2580,52.0,2025-11-24 20:43:16,2580,"Pasir Gudang, Johor, Malaysia",https://aqicn.org/city/malaysia/johor/pasir-gudang,1.470122,103.893456,55,,,,,,,,27.0,88.0,1007.0,0.5,25.0,,,2025-11-27 06:00:00,+08:00,1764223200,2025-11-26 22:11:16
9493,32.0,2025-11-24 20:43:16,9493,"Batu Pahat, Johor, Malaysia",https://aqicn.org/city/malaysia/johor/batu-pahat,1.919323,102.866618,39,,,,,,,,25.5,96.0,1008.7,2.0,,,,2025-11-27 06:00:00,+08:00,1764223200,2025-11-26 22:11:17
9497,28.0,2025-11-24 20:43:16,9497,"Temerloh, Pahang, Malaysia",https://aqicn.org/city/malaysia/pahang/temerloh,3.471603,102.376406,29,,,,,,,,24.0,94.0,1007.0,1.5,23.0,,,2025-11-27 00:00:00,+08:00,1764201600,2025-11-26 22:11:17
8116,14.0,2025-11-24 20:43:16,8116,"Kuala Belait, Brunei",https://aqicn.org/city/brunei/kuala-belait,4.5831986,114.2212174,6,,,,,,,,26.0,94.0,1006.0,6.1,25.0,,,2025-11-26 16:00:00,+08:00,1764172800,2025-11-26 22:11:20
2627,34.0,2025-11-24 20:43:16,2627,"Labuan, Wilayah Persekutuan, Malaysia",https://aqicn.org/city/malaysia/wilayah-persekutuan/labuan,5.298107,115.232106,19,,,,,,,,26.0,88.0,1007.0,2.5,24.0,,,2025-11-27 02:00:00,+08:00,1764208800,2025-11-26 22:11:20
13658,128.0,2025-11-24 20:43:16,13658,"Đà Nẵng/Hòa Thuận Tây, Hải Châu - KTTV - Trạm cảm biến, Vietnam",https://aqicn.org/city/vietnam/da-nang/hoa-thuan-tay--hai-chau-kttv-tram-cam-bien,16.043252,108.206826,149,pm25,149.0,103.0,,,,,22.0,73.0,1017.0,1.5,17.0,,,2025-11-27 04:00:00,+07:00,1764216000,2025-11-26 22:11:20
8631,80.0,2025-11-24 20:43:16,8631,"Haitang Bay, Sanya (三亚海棠湾)",https://aqicn.org/city/china/sanya/haitangwan,18.29029,109.71186,76,pm25,76.0,43.0,43.1,3.7,2.6,3.4,18.0,59.0,1017.0,0.5,10.0,,,2025-11-27 05:00:00,+08:00,1764219600,2025-11-26 22:11:20
4480,82.0,2025-11-24 20:43:16,4480,"Land Environment and Resources Bureau , Ledongxian (乐东县国土环境资源局)",https://aqicn.org/city/china/ledongxian/guotuhuanjingziyuanju,18.7422,109.1777,85,pm25,85.0,45.0,57.8,2.8,3.6,2.9,18.0,59.0,1017.0,0.5,10.0,,,2025-11-27 05:00:00,+08:00,1764219600,2025-11-26 22:11:20
4474,104.0,2025-11-24 20:43:16,4474,"City first secondary school sub-station , Danzhou (儋州市第一中学子站)",https://aqicn.org/city/china/danzhou/shidiyizhongxuezizhan,19.5088,109.5037,95,pm25,95.0,55.0,31.7,3.2,4.6,4.4,15.8,90.8,1001.0,2.0,14.3,,,2025-11-27 05:00:00,+08:00,1764219600,2025-11-26 22:11:20
9014,59.0,2025-11-24 20:43:16,9014,"Tha Tum, Si Maha Phot, Prachin Buri, Thailand (ต.ท่าตูม อ.ศรีมหาโพธิ จ.ปราจีนบุรี)",https://aqicn.org/city/thailand/prachin-buri/si-maha-phot/tha-tum,13.917563,101.590529,86,pm25,86.0,56.0,5.2,,,,21.0,68.0,1013.0,2.8,15.0,,,2025-11-27 04:00:00,+07:00,1764216000,2025-11-26 22:11:21
9500,46.0,2025-11-24 20:43:16,9500,"Samalaju, Sarawak, Malaysia",https://aqicn.org/city/malaysia/sarawak/samalaju,3.537059,113.295168,28,,,,,,,,24.0,100.0,1008.0,1.5,24.0,,,2025-11-27 06:00:00,+08:00,1764223200,2025-11-26 22:11:22
13417,61.0,2025-11-24 20:43:16,13417,"Gia Lai/BQL KCN Trà Đa, Vietnam",https://aqicn.org/city/vietnam/gia-lai/bql-kcn-tra-da,14.017737,108.035181,21,pm25,21.0,15.0,39.0,,25.0,1.0,16.9,73.3,926.0,2.0,12.1,99.2,,2025-11-27 04:00:00,+07:00,1764216000,2025-11-26 22:11:22
2611,16.0,2025-11-24 20:43:16,2611,"Limbang, Sarawak, Malaysia",https://aqicn.org/city/malaysia/sarawak/limbang,4.758891,115.013667,12,,,,,,,,25.0,94.0,1009.0,2.0,24.0,,,2025-11-27 06:00:00,+08:00,1764223200,2025-11-26 22:11:22
9496,28.0,2025-11-24 20:43:16,9496,"Rompin, Pahang, Malaysia",https://aqicn.org/city/malaysia/pahang/rompin,2.926645,103.419198,23,,,,,,,,25.0,94.0,1007.0,1.5,24.0,,,2025-11-27 05:00:00,+08:00,1764219600,2025-11-26 22:11:23
2592,52.0,2025-11-24 20:43:16,2592,"Indera Mahkota, Kuantan, Pahang, Malaysia",https://aqicn.org/city/malaysia/pahang/indera-mahkota--kuantan,3.819217,103.29655,33,,,,,,,,24.0,94.0,1007.0,1.5,23.0,,,2025-11-27 05:00:00,+08:00,1764219600,2025-11-26 22:11:24
13633,47.0,2025-11-24 20:43:16,13633,"Suphan Buri Provincial Central Stadium, Thailand (สนามกีฬากลางจังหวัดสุพรรณบุรี)",https://aqicn.org/city/thailand/suphan-buri-provincial-central-stadium,14.476214,100.086095,106,pm25,106.0,51.0,5.2,4.1,0.6,0.1,26.6,53.2,1012.8,0.2,,,,2025-11-27 04:00:00,+07:00,1764216000,2025-11-26 22:11:24
1814,142.0,2025-11-24 20:43:16,1814,"Highway District, Samut Sakhon, Thailand (แขวงการทางสมุทรสาคร)",https://aqicn.org/city/thailand/samut-sakhon/highway-district,13.7054879,100.315622,122,pm25,122.0,51.0,10.7,4.7,1.1,0.1,22.0,60.0,1013.0,4.6,14.0,,,2025-11-27 04:00:00,+07:00,1764216000,2025-11-26 22:11:24
5247,109.0,2025-11-24 20:43:16,5247,"City Mine station dormitory building , Wenchang (文昌市矿山管理站宿舍大楼)",https://aqicn.org/city/china/wenchang/shikuangshanguanlizhansushedalou,19.6208,110.7477,85,pm25,85.0,55.0,32.5,6.4,3.1,3.6,19.0,68.0,1019.0,4.6,13.0,,,2025-11-27 05:00:00,+08:00,1764219600,2025-11-26 22:11:25
2595,24.0,2025-11-24 20:43:16,2595,"Kg. Air Putih, Taiping, Perak, Malaysia",https://aqicn.org/city/malaysia/perak/kg.-air-putih--taiping,4.89885,100.679106,42,,,,,,,,25.0,88.0,1007.0,3.0,23.0,,,2025-11-27 06:00:00,+08:00,1764223200,2025-11-26 22:11:25
1816,101.0,2025-11-24 20:43:16,1816,"Sukhothai Thammathirat Open University, Nonthaburi, Thailand (มหาวิทยาลัยสุโขทัยธรรมาธิราช)",https://aqicn.org/city/thailand/nonthaburi/sukhothai-thammathirat-open-university,13.907861,100.535641,125,pm25,125.0,58.0,6.4,19.6,0.6,0.1,22.0,60.0,1013.0,4.6,14.0,,,2025-11-27 04:00:00,+07:00,1764216000,2025-11-26 22:11:26
1849,117.0,2025-11-24 20:43:16,1849,"General Education Office, Chonburi, Thailand (สำนักงานสามัญศึกษาชลบุรี)",https://aqicn.org/city/thailand/chonburi/general-education-office,13.35461667,100.9792167,47,pm25,47.0,33.0,6.0,9.3,1.1,,21.0,68.0,1013.0,2.8,15.0,,,2025-11-27 04:00:00,+07:00,1764216000,2025-11-26 22:11:26
9492,28.0,2025-11-24 20:43:16,9492,"Segamat, Johor, Malaysia",https://aqicn.org/city/malaysia/johor/segamat,2.493914,102.862694,28,,,,,,,,25.0,88.0,1007.0,2.0,23.0,,,2025-11-27 06:00:00,+08:00,1764223200,2025-11-26 22:11:26
2622,16.0,2025-11-24 20:43:16,2622,"Kemaman, Terengganu, Malaysia",https://aqicn.org/city/malaysia/terengganu/kemaman,4.262121,103.425778,20,,,,,,,,25.0,100.0,1007.0,3.0,25.0,,,2025-11-27 05:00:00,+08:00,1764219600,2025-11-26 22:11:26
8117,5.0,2025-11-24 20:43:16,8117,"Pekan Tutong, Brunei",https://aqicn.org/city/brunei/pekan-tutong,4.8140524,114.6608562,9,,,,,,,,25.0,100.0,1007.0,1.5,25.0,,,2025-11-26 16:00:00,+08:00,1764172800,2025-11-26 22:11:27
8634,117.0,2025-11-24 20:43:16,8634,"hóngqí zhōng xuézǐ station, Tunchangxian (屯昌县红旗中学子站)",https://aqicn.org/city/china/tunchangxian/hongqizhongxuezizhan,19.37706,110.1108,93,pm25,93.0,53.0,39.4,4.2,2.1,3.1,19.0,68.0,1019.0,4.6,13.0,,,2025-11-27 05:00:00,+08:00,1764219600,2025-11-26 22:11:27
13637,85.0,2025-11-24 20:43:16,13637,"Nong Prajak Public Park, Udon Thani, Thailand (สวนสาธารณะหนองประจักษ์ อุดรธานี)",https://aqicn.org/city/thailand/udon-thani/nong-prajak-public-park,17.414174,102.780926,88,pm25,88.0,,,,,,15.0,82.0,1017.0,1.0,12.0,,,2025-11-27 04:00:00,+07:00,1764216000,2025-11-26 22:11:28
2616,18.0,2025-11-24 20:43:16,2616,"Sri Aman, Sarawak, Malaysia",https://aqicn.org/city/malaysia/sarawak/sri-aman,1.219656,111.464792,18,,,,,,,,25.0,94.0,1008.0,1.5,24.0,,,2025-11-27 06:00:00,+08:00,1764223200,2025-11-26 22:11:28
2601,17.0,2025-11-24 20:43:16,2601,"Seberang Jaya 2, Perai, Pulau Pinang, Malaysia",https://aqicn.org/city/malaysia/pulau-pinang/seberang-jaya-2--perai,5.39817,100.403947,36,,,,,,,,24.0,88.0,1007.0,1.5,22.0,,,2025-11-27 05:00:00,+08:00,1764219600,2025-11-26 22:11:29
7886,129.0,2025-11-24 20:43:16,7886,Dinganxian,https://aqicn.org/city/dinganxian,19.681434,110.358891,93,pm25,93.0,57.0,35.4,5.5,2.1,4.4,19.0,68.0,1019.0,4.6,,,,2025-11-27 05:00:00,+08:00,1764219600,2025-11-26 22:11:29
9499,18.0,2025-11-24 20:43:16,9499,"Kimanis, Sabah, Malaysia",https://aqicn.org/city/malaysia/sabah/kimanis,5.538225,115.850556,20,,,,,,,,25.0,94.0,1008.0,1.0,24.0,,,2025-11-27 05:00:00,+08:00,1764219600,2025-11-26 22:11:30
2615,24.0,2025-11-24 20:43:16,2615,"Sibu, Sarawak, Malaysia",https://aqicn.org/city/malaysia/sarawak/sibu,2.314408,111.831916,23,,,,,,,,24.0,94.0,1008.0,2.5,23.0,,,2025-11-27 06:00:00,+08:00,1764223200,2025-11-26 22:11:30
8503,62.0,2025-11-24 20:43:16,8503,"Huai Kon, Chaloem Phra Kiat, Nan, Thailand (ต.ห้วยโก๋น อ.เฉลิมพระเกียรติ จ.น่าน)",https://aqicn.org/city/thailand/nan/chaloem-phra-kiat/huai-kon,19.5759666,101.0815166,61,pm25,61.0,70.0,3.2,0.6,1.1,0.1,13.1,89.4,980.4,2.0,11.4,0.4,,2025-11-27 04:00:00,+07:00,1764216000,2025-11-26 22:11:30
2604,26.0,2025-11-24 20:43:16,2604,"Kota Kinabalu, Sabah, Malaysia",https://aqicn.org/city/malaysia/sabah/kota-kinabalu,5.89372,116.04327,23,,,,,,,,25.0,94.0,1008.0,1.0,24.0,,,2025-11-27 02:00:00,+08:00,1764208800,2025-11-26 22:11:31
8114,1.0,2025-11-24 20:43:16,8114,"Temburong, Brunei",https://aqicn.org/city/brunei/temburong,4.6204128,115.141484,2,,,,,,,,25.0,100.0,1007.0,1.5,25.0,,,2025-11-26 16:00:00,+08:00,1764172800,2025-11-26 22:11:31
2581,15.0,2025-11-24 20:43:16,2581,"Alor Setar, Kedah, Malaysia",https://aqicn.org/city/malaysia/kedah/alor-setar,6.137244,100.346815,34,,,,,,,,25.0,94.0,1008.0,1.0,24.0,,,2025-11-27 05:00:00,+08:00,1764219600,2025-11-26 22:11:31
13659,41.0,2025-11-24 20:43:16,13659,"Tây Ninh/Thị xã Tràng Bảng, Vietnam",https://aqicn.org/city/vietnam/tay-ninh/thi-xa-trang-bang,11.030287,106.35631,34,pm10,13.0,34.0,,,,,23.0,78.0,1008.0,3.0,19.0,,,2025-11-27 04:00:00,+07:00,1764216000,2025-11-26 22:11:31
2578,39.0,2025-11-24 20:43:16,2578,"Larkin Lama, Johor, Malaysia",https://aqicn.org/city/malaysia/johor/larkin-lama,1.494625,103.735975,57,,,,,,,,25.0,94.0,1007.0,0.5,24.0,,,2025-11-27 02:00:00,+08:00,1764208800,2025-11-26 22:11:33
2609,23.0,2025-11-24 20:43:16,2609,"Kapit, Sarawak, Malaysia",https://aqicn.org/city/malaysia/sarawak/kapit,2.014498,112.92736,16,,,,,,,,,,,,,,,2025-11-27 05:00:00,+08:00,1764219600,2025-11-26 22:11:33
10484,39.0,2025-11-24 20:43:16,10484,"Tangkak, Johor, Malaysia",https://aqicn.org/city/malaysia/johor/tangkak,2.294794,102.571595,43,,,,,,,,25.0,88.0,1007.0,2.0,23.0,,,2025-11-27 06:00:00,+08:00,1764223200,2025-11-26 22:11:33
6814,141.0,2025-11-24 20:43:16,6814,"Provincial Administrative Organization, Samut Sakhon, Thailand (องค์การบริหารส่วนจังหวัดสมุทรสาคร)",https://aqicn.org/city/thailand/samut-sakhon/provincial-administrative-organization,13.5502631,100.2647676,139,pm25,139.0,33.0,2.8,7.5,2.7,,21.0,68.0,1013.0,2.8,15.0,,,2025-11-27 04:00:00,+07:00,1764216000,2025-11-26 22:11:33
2596,31.0,2025-11-24 20:43:16,2596,"S K Jalan Pegoh, Ipoh, Perak, Malaysia",https://aqicn.org/city/malaysia/perak/s-k-jalan-pegoh--ipoh,4.553336,101.080236,44,,,,,,,,25.0,88.0,1007.0,3.0,23.0,,,2025-11-27 06:00:00,+08:00,1764223200,2025-11-26 22:11:33
5254,91.0,2025-11-24 20:43:16,5254,"Commission compound Archives , Lingaoxian (临高县委大院档案馆)",https://aqicn.org/city/china/lingaoxian/weidayuandanganguan,19.91205,109.69053,78,pm25,78.0,49.0,30.5,2.8,4.1,2.0,19.0,68.0,1019.0,4.6,13.0,,,2025-11-27 05:00:00,+08:00,1764219600,2025-11-26 22:11:34
5107,81.0,2025-11-24 20:43:16,5107,"Government Center, Rayong, Thailand (ศูนย์ราชการระยอง)",https://aqicn.org/city/thailand/rayong/government-center,12.7066,101.18055,66,pm25,66.0,33.0,7.5,11.0,2.2,0.1,21.5,80.0,1012.0,4.8,18.0,,,2025-11-27 04:00:00,+07:00,1764216000,2025-11-26 22:11:34
2612,28.0,2025-11-24 20:43:16,2612,"Miri, Sarawak, Malaysia",https://aqicn.org/city/malaysia/sarawak/miri,4.424679,114.012426,19,,,,,,,,24.0,94.0,1008.0,2.0,23.0,,,2025-11-27 04:00:00,+08:00,1764216000,2025-11-26 22:11:35
2588,29.0,2025-11-24 20:43:16,2588,"Nilai, Negeri Sembilan, Malaysia",https://aqicn.org/city/malaysia/negeri-sembilan/nilai,2.821692,101.811486,43,,,,,,,,25.5,91.0,1006.0,1.0,24.0,,,2025-11-27 05:00:00,+08:00,1764219600,2025-11-26 22:11:35
5259,76.0,2025-11-24 20:43:16,5259,"Middle school, Wanning (万宁中学子站)",https://aqicn.org/city/china/wanning/zhongxuezizhan,18.7983,110.3933,85,pm25,85.0,51.0,53.2,5.5,3.1,5.8,18.6,75.1,1017.0,3.0,14.1,,,2025-11-27 05:00:00,+08:00,1764219600,2025-11-26 22:11:35
2587,29.0,2025-11-24 20:43:16,2587,"Bukit Rambai, Melaka, Malaysia",https://aqicn.org/city/malaysia/melaka/bukit-rambai,2.258519,102.172683,35,,,,,,,,25.0,88.0,1007.0,2.0,23.0,,,2025-11-27 05:00:00,+08:00,1764219600,2025-11-26 22:11:35
13635,,2025-11-24 20:43:16,13636,"72nd Anniversary King Bhumibol Public Park, Uttaradit, Thailand (สวนมหามงคลเฉลิมพระชนมพรรษา 6 รอบ 5 ธันวาคม 2552 อุตรดิตถ์)",https://aqicn.org/city/thailand/uttaradit/72nd-anniversary-king-bhumibol-public-park,17.631352,100.09896,85,pm25,85.0,34.0,7.1,2.4,,,19.0,14.6,1007.7,2.5,-8.6,,,2025-11-27 04:00:00,+07:00,1764216000,2025-11-26 22:11:36
2594,40.0,2025-11-24 20:43:16,2594,"Jalan Tasek, Ipoh, Perak, Malaysia",https://aqicn.org/city/malaysia/perak/jalan-tasek--ipoh,4.629444,101.11665,45,,,,,,,,25.0,88.0,1007.0,3.0,23.0,,,2025-11-27 06:00:00,+08:00,1764223200,2025-11-26 22:11:36
2620,20.0,2025-11-24 20:43:16,2620,"Petaling Jaya, Selangor, Malaysia",https://aqicn.org/city/malaysia/selangor/petaling-jaya,3.133169,101.608011,28,,,,,,,,26.0,94.0,1007.0,1.5,25.0,,,2025-11-27 04:00:00,+08:00,1764216000,2025-11-26 22:11:37
13631,56.0,2025-11-24 20:43:16,13631,"Meteorological stations, Sakon Nakhon, Thailand (สถานีอุตุนิยมวิทยาสกลนคร)",https://aqicn.org/city/thailand/sakon-nakhon/meteorological-stations,17.15662,104.133216,117,pm25,117.0,48.0,,,,,15.0,84.7,997.2,1.5,14.4,,,2025-11-27 04:00:00,+07:00,1764216000,2025-11-26 22:11:38
4435,87.0,2025-11-24 20:43:16,4435,"Hedongzi Station, Sanya (三亚河东子站)",https://aqicn.org/city/china/sanya/hedongzizhan,18.2489,109.5078,107,pm25,107.0,30.0,40.3,5.5,3.1,4.8,18.0,59.0,1017.0,0.5,10.0,,,2025-11-27 05:00:00,+08:00,1764219600,2025-11-26 22:11:38
2593,34.0,2025-11-24 20:43:16,2593,"Jerantut, Pahang, Malaysia",https://aqicn.org/city/malaysia/pahang/jerantut,3.94836,102.366632,35,,,,,,,,24.0,94.0,1007.0,1.5,23.0,,,2025-11-27 05:00:00,+08:00,1764219600,2025-11-26 22:11:39
2582,20.0,2025-11-24 20:43:16,2582,"Bakar Arang, Sg. Petani, Kedah, Malaysia",https://aqicn.org/city/malaysia/kedah/bakar-arang--sg.-petani,5.629631,100.467771,40,,,,,,,,24.0,88.0,1007.0,1.5,22.0,,,2025-11-27 05:00:00,+08:00,1764219600,2025-11-26 22:11:39
13687,42.0,2025-11-24 20:43:16,13687,"Cần Thơ/Ninh Kiều - KTTV - Trạm cảm biến, Vietnam",https://aqicn.org/city/vietnam/can-tho/ninh-kieu-kttv-tram-cam-bien,10.026977,105.768249,36,pm10,17.0,36.0,11.0,1.0,,1.0,24.0,83.0,1009.0,3.6,21.0,,,2025-11-27 03:00:00,+07:00,1764212400,2025-11-26 22:11:39
2606,34.0,2025-11-24 20:43:16,2606,"Tawau, Sabah, Malaysia",https://aqicn.org/city/malaysia/sabah/tawau,4.249786,117.935864,46,,,,,,,,25.0,94.0,1007.0,1.0,24.0,,,2025-11-27 06:00:00,+08:00,1764223200,2025-11-26 22:11:40
5255,85.0,2025-11-24 20:43:16,5255,"Commission for Discipline Building Station, Lingshuixian (陵水县纪委大楼站)",https://aqicn.org/city/china/lingshuixian/jiweidalouzhan,18.50844,110.03572,93,pm25,93.0,44.0,48.8,7.4,3.6,5.6,18.0,59.0,1017.0,0.5,10.0,,,2025-11-27 05:00:00,+08:00,1764219600,2025-11-26 22:11:41
5190,74.0,2025-11-24 20:43:16,5190,Dongfang (东方),https://aqicn.org/city/dongfang,19.095361,108.651775,97,pm25,97.0,54.0,53.9,3.7,1.6,3.2,19.0,66.0,1019.0,5.0,,99.1,,2025-11-27 05:00:00,+08:00,1764219600,2025-11-26 22:11:41
1664,53.0,2025-11-24 20:43:16,1664,"East, Singapore",https://aqicn.org/city/singapore/east,1.3645924,103.9477547,30,pm25,30.0,30.0,10.0,,6.0,5.0,25.0,100.0,1007.0,0.5,25.0,,,2025-11-27 05:00:00,+08:00,1764219600,2025-11-26 22:11:41
2623,14.0,2025-11-24 20:43:16,2623,"Kuala Terengganu, Terengganu, Malaysia",https://aqicn.org/city/malaysia/terengganu/kuala-terengganu,5.308094,103.120392,34,,,,,,,,26.0,88.0,1008.0,6.1,24.0,,,2025-11-27 05:00:00,+08:00,1764219600,2025-11-26 22:11:41
1863,64.0,2025-11-24 20:43:16,1863,"Wang Yen Subdistrict Administrative, Chachoengsao, Thailand (องค์การบริหารส่วนตำบลวังเย็น)",https://aqicn.org/city/thailand/chachoengsao/wang-yen-subdistrict-administrative,13.5885,101.2863333,76,pm25,76.0,56.0,0.8,8.1,1.6,,21.0,68.0,1013.0,2.5,15.0,,,2025-11-27 04:00:00,+07:00,1764216000,2025-11-26 22:11:42
2585,31.0,2025-11-24 20:43:16,2585,"Tanah Merah, Kelantan, Malaysia",https://aqicn.org/city/malaysia/kelantan/tanah-merah,5.811172,102.1345,34,,,,,,,,26.0,83.0,1008.0,3.0,23.0,,,2025-11-27 06:00:00,+08:00,1764223200,2025-11-26 22:11:43
1817,,2025-11-24 20:43:16,4693,"Bangkok University Rangsit Campus, Pathum Thani, Thailand (มหาวิทยาลัยกรุงเทพ วิทยาเขตรังสิต)",https://aqicn.org/city/thailand/pathum-thani/bangkok-university-rangsit-campus,14.03742,100.605216,91,pm25,91.0,55.0,9.5,,2.2,0.1,21.0,64.0,1013.0,4.1,14.0,,,2025-11-27 04:00:00,+07:00,1764216000,2025-11-26 22:11:43
13505,69.0,2025-11-24 20:43:16,13505,"Tanjung Harapan, Indonesia",https://aqicn.org/city/indonesia/tanjung-harapan,2.83,117.36,115,pm25,115.0,,,,,,28.0,89.4,1006.8,1.0,26.1,0.4,,2025-11-27 01:00:00,+07:00,1764205200,2025-11-26 22:11:43
12795,86.0,2025-11-24 20:43:16,12795,"T.Meechai A.Muang Nongkhai Province, Thailand (ต.มีชัย อ.เมืองหนองคาย จ.หนองคาย)",https://aqicn.org/city/thailand/t.meechai-a.muang-nongkhai-province,17.87748,102.728925,112,pm25,112.0,58.0,15.0,1.2,0.6,0.1,15.0,82.0,1017.0,1.0,12.0,,,2025-11-27 04:00:00,+07:00,1764216000,2025-11-26 22:11:44
2605,38.0,2025-11-24 20:43:16,2605,"Sandakan, Sabah, Malaysia",https://aqicn.org/city/malaysia/sabah/sandakan,5.864467,118.091089,23,,,,,,,,26.0,100.0,1007.0,1.0,26.0,,,2025-11-27 06:00:00,+08:00,1764223200,2025-11-26 22:11:44
1830,72.0,2025-11-24 20:43:16,1830,"Phrae Meteorological Station, Thailand (สถานีอุตุนิยมวิทยาแพร่)",https://aqicn.org/city/thailand/phrae-meteorological-station,18.1283666,100.1624333,74,pm25,74.0,68.0,6.7,8.7,0.6,0.1,14.8,22.7,998.5,1.0,-6.3,,,2025-11-27 04:00:00,+07:00,1764216000,2025-11-26 22:11:44
2614,19.0,2025-11-24 20:43:16,2614,"Sarikei, Sarawak, Malaysia",https://aqicn.org/city/malaysia/sarawak/sarikei,2.132809,111.52287,17,,,,,,,,24.0,94.0,1008.0,2.5,23.0,,,2025-11-27 06:00:00,+08:00,1764223200,2025-11-26 22:11:44
1859,91.0,2025-11-24 20:43:16,1859,"Thonburi Power Sub-Station, Bangkok, Thailand (โรงไฟฟ้าย่อย ธนบุรี)",https://aqicn.org/city/thailand/bangkok/thonburi-power-sub-station,13.727622,100.486568,93,pm25,93.0,50.0,,13.3,,,22.0,60.0,1013.0,4.6,14.0,,,2025-11-27 04:00:00,+07:00,1764216000,2025-11-26 22:11:44
5253,104.0,2025-11-24 20:43:16,5253,"Land Environment and Resources Bureau, Chengmaixian (澄迈县澄迈国土环境资源局站)",https://aqicn.org/city/china/chengmaixian/chengmaiguotuhuanjingziyuanjuzhan,19.76,110.006,95,pm25,95.0,57.0,30.1,6.4,2.6,4.0,19.0,68.0,1019.0,4.6,13.0,,,2025-11-27 05:00:00,+08:00,1764219600,2025-11-26 22:11:45
2603,26.0,2025-11-24 20:43:16,2603,"Keningau, Sabah, Malaysia",https://aqicn.org/city/malaysia/sabah/keningau,5.339317,116.163658,30,,,,,,,,25.0,94.0,1008.0,1.0,24.0,,,2025-11-27 06:00:00,+08:00,1764223200,2025-11-26 22:11:47
2610,29.0,2025-11-24 20:43:16,2610,"Kuching, Sarawak, Malaysia",https://aqicn.org/city/malaysia/sarawak/kuching,1.562229,110.388958,26,,,,,,,,25.0,100.0,1008.0,0.5,25.0,,,2025-11-27 06:00:00,+08:00,1764223200,2025-11-26 22:11:47
9495,50.0,2025-11-24 20:43:16,9495,"Pengerang, Johor, Malaysia",https://aqicn.org/city/malaysia/johor/pengerang,1.389489,104.149586,48,,,,,,,,26.1,95.4,1005.9,0.5,25.3,99.8,,2025-11-27 05:00:00,+08:00,1764219600,2025-11-26 22:11:47
1832,71.0,2025-11-24 20:43:16,1832,"Maesai Health Office, Chiangrai, Thailand (สำนักงานสาธารณสุขอำเภอแม่สาย เชียงราย)",https://aqicn.org/city/thailand/chiangrai/maesai-health-office,20.439944444444,99.913666666667,69,pm25,69.0,149.0,,,0.6,,14.0,93.0,1020.0,0.5,13.0,,,2025-11-27 04:00:00,+07:00,1764216000,2025-11-26 22:11:47
14893,63.0,2025-11-24 20:43:16,14893,"Manila US Embassy, Philippines",https://aqicn.org/city/philippines/manila/us-embassy,14.57711,120.9778,74,pm25,74.0,,,,,,27.0,88.0,1008.0,1.5,25.0,,,2025-11-27 04:00:00,+08:00,1764216000,2025-11-26 22:11:48
14139,339.0,2025-11-24 20:43:16,14139,"Bardowali, Agartala, India",https://aqicn.org/city/india/agartala/bardowali,23.8175497,91.2726974,53,pm25,53.0,27.0,0.5,0.1,11.4,,17.015,95.025,750.0,0.14500000000000002,17.0,,,2025-11-27 03:00:00,+05:30,1764212400,2025-11-26 22:11:48
13652,43.0,2025-11-24 20:43:16,13652,"Sintang, Indonesia",https://aqicn.org/city/indonesia/sintang,0.066,111.477,79,pm25,79.0,,,,,,28.8,79.5,1004.4,4.1,24.9,6.5,,2025-11-27 01:00:00,+07:00,1764205200,2025-11-26 22:11:48
1867,72.0,2025-11-24 20:43:16,1867,"Municipality Office, Nan, Thailand (สำนักงานเทศบาลเมืองน่าน)",https://aqicn.org/city/thailand/nan/municipality-office,18.7888833,100.7763166,73,pm25,73.0,67.0,6.4,0.6,0.6,0.1,13.9,93.2,994.6,1.0,14.3,,,2025-11-27 04:00:00,+07:00,1764216000,2025-11-26 22:11:49
12809,6.0,2025-11-24 20:43:16,12809,"Sikulpuikawn, Aizawl, India",https://aqicn.org/city/india/aizawl/sikulpuikawn,23.7176342,92.7192841,70,pm25,70.0,32.0,1.4,0.1,5.5,0.6,18.2,65.8,,1.0,11.7,,,2025-11-27 03:00:00,+05:30,1764212400,2025-11-26 22:11:51
7225,74.0,2025-11-24 20:43:16,7225,"Dehong Stations, Dehong (德宏州德宏州监测站)",https://aqicn.org/city/china/dehongzhou/dehongzhoujiancezhan,24.428,98.5842,85,pm25,85.0,39.0,1.7,11.9,4.1,5.5,7.3,96.0,836.8,1.0,6.7,99.1,,2025-11-27 05:00:00,+08:00,1764219600,2025-11-26 22:11:51
14394,102.0,2025-11-24 20:43:16,14394,"大沥,  (佛山市大沥)",https://aqicn.org/city/guangdong/fushanshi/dali,23.1171,113.1277,93,pm25,93.0,55.0,19.5,16.5,6.1,6.4,14.0,41.0,1023.0,2.5,1.0,,,2025-11-27 05:00:00,+08:00,1764219600,2025-11-26 22:11:51
14358,70.0,2025-11-24 20:43:16,14358,"云安都杨,  (云浮市云安都杨)",https://aqicn.org/city/guangdong/yunfushi/yunanduyang,23.044739,112.159956,55,pm25,55.0,40.0,2.9,9.2,1.6,6.4,12.1,81.9,1016.2,1.0,9.1,,,2025-11-27 05:00:00,+08:00,1764219600,2025-11-26 22:11:51
1553,87.0,2025-11-24 20:43:16,1553,Beihai (北海),https://aqicn.org/city/beihai,21.481254,109.119927,93,pm25,93.0,54.0,34.2,6.4,7.1,5.5,16.0,50.1,1020.6,3.0,,99.1,,2025-11-27 05:00:00,+08:00,1764219600,2025-11-26 22:11:51
3431,87.0,2025-11-24 20:43:16,3431,"Beihai Industrial Park, Beihai (北海北海工业园)",https://aqicn.org/city/china/beihai/beihaigongyeyuan,21.5233,109.1778,93,pm25,93.0,54.0,31.7,6.4,5.1,5.5,16.0,50.1,1020.6,3.0,5.6,99.1,,2025-11-27 05:00:00,+08:00,1764219600,2025-11-26 22:11:52
14221,55.0,2025-11-24 20:43:16,14221,"广宁庄前西,  (肇庆市广宁庄前西)",https://aqicn.org/city/guangdong/zhaoqingshi/guangningzhuangqianxi,23.638817,112.43656,42,pm25,42.0,32.0,9.8,4.2,2.6,5.5,14.0,41.0,1023.0,2.5,1.0,,,2025-11-27 05:00:00,+08:00,1764219600,2025-11-26 22:11:52
13683,,2025-11-24 20:43:16,13684,"Hưng Yên/Nhà văn hóa xã Tân Quang - h.Văn Lâm, Vietnam",https://aqicn.org/city/vietnam/hung-yen/nha-van-hoa-xa-tan-quang-h.van-lam,20.980478,105.974463,84,pm25,84.0,48.0,2.0,25.0,8.0,2.0,14.0,87.0,1024.0,1.5,12.0,,,2025-11-27 04:00:00,+07:00,1764216000,2025-11-26 22:11:53
1302,59.0,2025-11-24 20:43:16,1302,"Gulangyu, Xiamen (厦门鼓浪屿)",https://aqicn.org/city/china/xiamen/gulangyu,24.445833333,118.06361111,82,pm25,82.0,57.0,37.4,4.2,1.6,5.5,16.0,44.0,1021.0,1.5,4.0,,,2025-11-27 05:00:00,+08:00,1764219600,2025-11-26 22:11:53
14227,107.0,2025-11-24 20:43:16,14227,"鹤山南山,  (江门市鹤山南山)",https://aqicn.org/city/guangdong/jiangmenshi/heshannanshan,22.763923,112.969881,93,pm25,93.0,55.0,19.9,16.0,6.6,4.6,14.0,41.0,1023.0,2.5,1.0,,,2025-11-27 05:00:00,+08:00,1764219600,2025-11-26 22:11:54
805,72.0,2025-11-24 20:43:16,805,"Kengkouzi station, Zhaoqing (肇庆坑口子站)",https://aqicn.org/city/guangdong/zhaoqing/kangkouzizhan,23.1617,112.565,61,pm25,61.0,37.0,19.9,13.3,3.1,3.7,14.0,41.0,1023.0,2.5,1.0,,,2025-11-27 05:00:00,+08:00,1764219600,2025-11-26 22:11:54
4342,74.0,2025-11-24 20:43:16,4342,Shanwei (汕尾),https://aqicn.org/city/shanwei,22.786211,115.375279,74,pm25,74.0,45.0,34.2,2.8,4.1,2.8,15.8,74.6,1019.3,1.0,,,,2025-11-27 05:00:00,+08:00,1764219600,2025-11-26 22:11:54
14393,124.0,2025-11-24 20:43:16,14393,"丹灶,  (佛山市丹灶)",https://aqicn.org/city/guangdong/fushanshi/danzao,23.0404,112.9197,102,pm25,102.0,59.0,18.3,15.1,3.1,5.5,14.0,41.0,1023.0,2.5,1.0,,,2025-11-27 05:00:00,+08:00,1764219600,2025-11-26 22:11:55
7201,107.0,2025-11-24 20:43:16,7201,"CPPCC Building, Hezhou (贺州环保小区)",https://aqicn.org/city/china/hezhou/huanbaoxiaoqu,24.4175,111.5269,91,pm25,91.0,37.0,18.7,6.0,3.1,4.6,6.7,83.5,1011.2,1.0,4.1,,,2025-11-27 05:00:00,+08:00,1764219600,2025-11-26 22:11:55
14528,82.0,2025-11-24 20:43:16,14528,"晋宁区生态环境分局, Kunming (昆明晋宁区生态环境分局)",https://aqicn.org/city/china/kunming/jinningqushengtaihuanjingfenju,24.6736,102.5967,76,pm25,76.0,46.0,33.3,3.2,1.6,2.8,2.0,69.0,1034.0,5.6,-3.0,,,2025-11-27 05:00:00,+08:00,1764219600,2025-11-26 22:11:56
14279,80.0,2025-11-24 20:43:16,14279,"三水南山,  (佛山市三水南山)",https://aqicn.org/city/guangdong/fushanshi/sanshuinanshan,23.530838,112.880875,68,pm25,68.0,39.0,35.4,4.6,5.1,3.7,14.0,41.0,1023.0,2.5,1.0,,,2025-11-27 05:00:00,+08:00,1764219600,2025-11-26 22:11:56
13026,108.0,2025-11-24 20:43:16,13026,"Hà Nội/Chi cục BVMT, Vietnam",https://aqicn.org/city/vietnam/ha-noi/chi-cuc-bvmt,21.01525,105.80013,116,pm10,74.0,116.0,1.0,33.2,,0.1,14.0,87.0,1024.0,1.5,12.0,,,2025-11-27 04:00:00,+07:00,1764216000,2025-11-26 22:11:56
14467,72.0,2025-11-24 20:43:16,14467,"赤石明热子站, Shenzhen (深汕合作区 赤石镇)",https://aqicn.org/city/shenzhen/chishimingrezizhan,22.91151,115.04826,72,pm25,72.0,43.0,36.2,1.9,3.6,5.5,18.8,47.7,1019.3,1.0,,,,2025-11-27 04:00:00,+08:00,1764216000,2025-11-26 22:11:56
14476,76.0,2025-11-24 20:43:16,14476,"从化良口, Guangzhou (广州从化良口)",https://aqicn.org/city/guangdong/guangzhou/conghualiangkou,23.7372,113.7861,46,pm25,46.0,30.0,,3.7,4.1,3.7,14.0,41.0,1023.0,2.5,1.0,,,2025-11-27 05:00:00,+08:00,1764219600,2025-11-26 22:11:57
784,80.0,2025-11-24 20:43:16,784,"Dòumén, Zhuhai (珠海斗门)",https://aqicn.org/city/guangdong/zhuhai/doumen,22.2281,113.299,74,pm25,74.0,48.0,26.0,10.6,3.1,1.9,18.0,57.0,1020.0,9.0,9.5,,,2025-11-27 05:00:00,+08:00,1764219600,2025-11-26 22:11:57
14334,93.0,2025-11-24 20:43:16,14334,"新兴南外,  (云浮市新兴南外)",https://aqicn.org/city/guangdong/yunfushi/xinxingnanwai,22.694085,112.234114,89,pm25,89.0,50.0,5.7,8.3,1.1,4.6,12.1,81.9,1016.2,1.0,9.1,,,2025-11-27 05:00:00,+08:00,1764219600,2025-11-26 22:11:57
14478,85.0,2025-11-24 20:43:16,14478,"花都梯面, Guangzhou (广州花都梯面)",https://aqicn.org/city/guangdong/guangzhou/huadutimian,23.5544,113.2902,72,pm25,72.0,40.0,,6.4,7.1,2.8,14.0,41.0,1023.0,2.5,1.0,,,2025-11-27 05:00:00,+08:00,1764219600,2025-11-26 22:11:59
3579,61.0,2025-11-24 20:43:16,3579,"Liudong Primary School, Liuzhou (柳州柳东小学)",https://aqicn.org/city/china/liuzhou/liudongxiaoxue,24.3898,109.4883,72,pm25,72.0,33.0,34.2,2.3,4.6,1.9,13.2,47.9,989.2,5.0,2.4,,,2025-11-27 05:00:00,+08:00,1764219600,2025-11-26 22:11:59
14332,114.0,2025-11-24 20:43:16,14332,"罗定兴华,  (云浮市罗定兴华)",https://aqicn.org/city/guangdong/yunfushi/luodingxinghua,22.761743,111.594533,85,pm25,85.0,37.0,3.3,17.0,10.2,4.6,15.4,41.0,1005.3,3.0,2.2,99.1,,2025-11-27 05:00:00,+08:00,1764219600,2025-11-26 22:11:59
14249,76.0,2025-11-24 20:43:16,14249,"连州城东,  (清远市连州城东)",https://aqicn.org/city/guangdong/qingyuanshi/lianzhouchengdong,24.7929,112.391601,82,pm25,82.0,41.0,6.1,11.5,3.6,5.5,4.6,90.0,1010.8,1.0,3.1,,,2025-11-27 05:00:00,+08:00,1764219600,2025-11-26 22:11:59
3424,82.0,2025-11-24 20:43:16,3424,"Wanan, Quanzhou (泉州万安)",https://aqicn.org/city/china/quanzhou/wanan,24.9424,118.6663,72,pm25,72.0,51.0,35.8,3.2,2.1,2.8,16.0,44.0,1021.0,1.5,4.0,,,2025-11-27 05:00:00,+08:00,1764219600,2025-11-26 22:12:00
14297,85.0,2025-11-24 20:43:16,14297,"连平东园,  (河源市连平东园)",https://aqicn.org/city/guangdong/heyuanshi/lianpingdongyuan,24.366944,114.492777,72,pm25,72.0,44.0,33.3,3.7,3.6,1.9,11.9,39.1,990.5,4.0,-1.6,,,2025-11-27 05:00:00,+08:00,1764219600,2025-11-26 22:12:01
1548,89.0,2025-11-24 20:43:16,1548,Huizhou (惠州),https://aqicn.org/city/huizhou,23.111847,114.416196,74,pm25,74.0,53.0,32.1,5.5,3.6,3.7,16.8,38.8,1019.7,2.0,,,,2025-11-27 05:00:00,+08:00,1764219600,2025-11-26 22:12:01
14264,70.0,2025-11-24 20:43:16,14264,"增城荔城,  (广州市增城荔城)",https://aqicn.org/city/guangdong/guangzhoushi/zengchenglicheng,23.2614,113.8051,68,pm25,68.0,39.0,31.3,5.1,3.6,3.7,14.0,41.0,1023.0,2.5,1.0,,,2025-11-27 05:00:00,+08:00,1764219600,2025-11-26 22:12:02
791,76.0,2025-11-24 20:43:16,791,"Sanshuiyun donghai, Foshan (佛山三水云东海)",https://aqicn.org/city/guangdong/fushan/sanshuiyundonghai,23.1886,112.863,72,pm25,72.0,56.0,18.3,11.5,3.6,3.7,14.0,41.0,1023.0,2.5,1.0,,,2025-11-27 05:00:00,+08:00,1764219600,2025-11-26 22:12:03
14215,95.0,2025-11-24 20:43:16,14215,"南沙科大,  (广州市南沙科大)",https://aqicn.org/city/guangdong/guangzhoushi/nanshakeda,22.755893,113.617769,80,pm25,80.0,51.0,25.6,7.8,3.6,3.7,17.0,36.0,1021.0,5.6,2.0,,,2025-11-27 05:00:00,+08:00,1764219600,2025-11-26 22:12:03
14337,89.0,2025-11-24 20:43:16,14337,"北郊,  (江门市北郊)",https://aqicn.org/city/guangdong/jiangmenshi/beijiao,22.2033,112.3425,107,pm25,107.0,71.0,9.4,22.0,9.2,5.5,15.4,45.9,1010.3,5.0,3.8,,,2025-11-27 05:00:00,+08:00,1764219600,2025-11-26 22:12:03
14291,80.0,2025-11-24 20:43:16,14291,"佛冈沿江,  (清远市佛冈沿江)",https://aqicn.org/city/guangdong/qingyuanshi/fugangyanjiang,23.8825,113.5238,72,pm25,72.0,36.0,29.7,4.6,12.2,4.6,14.0,41.0,1023.0,2.5,1.0,,,2025-11-27 05:00:00,+08:00,1764219600,2025-11-26 22:12:03
14306,78.0,2025-11-24 20:43:16,14306,"惠东莲花地,  (惠州市惠东莲花地)",https://aqicn.org/city/guangdong/huizhoushi/huidonglianhuadi,22.99122,114.737797,76,pm25,76.0,44.0,29.7,6.4,4.6,5.5,18.8,45.0,1019.7,2.0,,,,2025-11-27 05:00:00,+08:00,1764219600,2025-11-26 22:12:03
822,85.0,2025-11-24 20:43:16,822,"Yangtze River tourist area, Zhongshan (中山长江旅游区)",https://aqicn.org/city/guangdong/zhongshan/changjianglvyouqu,22.4886,113.434,72,pm25,72.0,42.0,22.0,12.4,3.6,5.5,18.0,57.0,1020.0,9.0,9.5,,,2025-11-27 05:00:00,+08:00,1764219600,2025-11-26 22:12:04
14356,63.0,2025-11-24 20:43:16,14356,"龙川细坳,  (河源市龙川细坳)",https://aqicn.org/city/guangdong/heyuanshi/longchuanxiao,23.6442,112.7434,61,pm25,61.0,42.0,22.0,1.0,3.6,2.8,14.0,41.0,1023.0,2.5,1.0,,,2025-11-27 05:00:00,+08:00,1764219600,2025-11-26 22:12:04
14448,80.0,2025-11-24 20:43:16,14448,"沙头角子站, Shenzhen (盐田区 沙头角街道)",https://aqicn.org/city/shenzhen/shatoujiaozizhan,22.5634,114.2267,72,pm25,72.0,51.0,39.4,5.1,6.1,3.7,16.8,38.8,1019.7,2.0,2.7,,,2025-11-27 04:00:00,+08:00,1764216000,2025-11-26 22:12:05
14293,76.0,2025-11-24 20:43:16,14293,"英德城南,  (清远市英德城南)",https://aqicn.org/city/guangdong/qingyuanshi/yingdechengnan,24.174395,113.41942,70,pm25,70.0,49.0,30.9,4.6,5.1,4.6,14.0,41.0,1023.0,2.5,1.0,,,2025-11-27 05:00:00,+08:00,1764219600,2025-11-26 22:12:05
916,82.0,2025-11-24 20:43:16,916,"Kwai Chung, Shenzhen (宝安区 新安街道)",https://aqicn.org/city/shenzhen/xixiang,22.575856,113.862238,80,pm25,80.0,54.0,25.2,11.0,3.1,1.9,17.0,36.0,1021.0,5.6,2.0,,,2025-11-27 05:00:00,+08:00,1764219600,2025-11-26 22:12:06
793,95.0,2025-11-24 20:43:16,793,"Gāomíng kǒngtáng, Foshan (佛山高明孔堂)",https://aqicn.org/city/guangdong/fushan/gaomingkongtang,22.8693,112.844,82,pm25,82.0,54.0,22.0,11.0,5.1,2.8,14.0,41.0,1023.0,2.5,1.0,,,2025-11-27 05:00:00,+08:00,1764219600,2025-11-26 22:12:07
14325,82.0,2025-11-24 20:43:16,14325,"电白水东,  (茂名市电白水东)",https://aqicn.org/city/guangdong/maomingshi/dianbaishuidong,21.5165,111.01,76,pm25,76.0,33.0,30.9,5.5,5.6,3.7,14.7,52.9,1014.7,4.0,5.2,,,2025-11-27 05:00:00,+08:00,1764219600,2025-11-26 22:12:07
14263,70.0,2025-11-24 20:43:16,14263,"增城派潭,  (广州市增城派潭)",https://aqicn.org/city/guangdong/guangzhoushi/zengchengpaitan,23.496093,113.790235,68,pm25,68.0,28.0,5.7,7.8,4.1,3.7,14.0,41.0,1023.0,2.5,1.0,,,2025-11-27 05:00:00,+08:00,1764219600,2025-11-26 22:12:08
5506,65.0,2025-11-24 20:43:16,5506,"Viet Tri, Vietnam (Tp Việt Trì)",https://aqicn.org/city/vietnam/viet-tri,21.33847,105.3673,64,pm25,64.0,43.0,22.0,2.0,2.0,5.0,14.0,87.0,1024.0,1.5,12.0,,,2025-11-27 05:00:00,+07:00,1764219600,2025-11-26 22:12:08
14278,95.0,2025-11-24 20:43:16,14278,"南海狮山,  (佛山市南海狮山)",https://aqicn.org/city/guangdong/fushanshi/nanhaishishan,23.17846,112.989113,85,pm25,85.0,54.0,17.1,14.2,3.6,2.8,14.0,41.0,1023.0,2.5,1.0,,,2025-11-27 05:00:00,+08:00,1764219600,2025-11-26 22:12:08
7198,80.0,2025-11-24 20:43:16,7198,"nanjiang No1 middle school, Yulin (玉林南江一中)",https://aqicn.org/city/china/yulin/nanjiangyizhong,22.6164,110.1433,72,pm25,72.0,34.0,31.7,1.9,0.6,4.6,16.3,43.0,1004.8,3.0,3.7,99.1,,2025-11-27 05:00:00,+08:00,1764219600,2025-11-26 22:12:08
3486,70.0,2025-11-24 20:43:16,4256,"Lónghúzi, Shantou (汕头龙湖子站)",https://aqicn.org/city/guangdong/shantou/longhuzizhan,23.3633,116.7244,85,pm25,85.0,44.0,25.6,6.0,6.6,3.7,14.0,58.0,1021.0,2.5,6.0,,,2025-11-27 05:00:00,+08:00,1764219600,2025-11-26 22:12:09
14315,112.0,2025-11-24 20:43:16,14315,"普宁城北,  (揭阳市普宁城北)",https://aqicn.org/city/guangdong/jieyangshi/puningchengbei,23.30725,116.158694,157,pm25,157.0,83.0,22.4,10.1,4.6,4.6,14.0,58.0,1021.0,2.5,6.0,,,2025-11-27 05:00:00,+08:00,1764219600,2025-11-26 22:12:09
1342,112.0,2025-11-24 20:43:16,1342,"Xiuying Hainan Hospital, Haikou (海口秀英海南医院)",https://aqicn.org/city/china/haikou/xiuyinghainanyiyuan,20.0053,110.283,87,pm25,87.0,54.0,32.1,6.9,7.6,4.6,19.0,68.0,1019.0,4.6,13.0,,,2025-11-27 05:00:00,+08:00,1764219600,2025-11-26 22:12:10
804,104.0,2025-11-24 20:43:16,804,"Guīfēngxi, Jiangmen (江门圭峰西)",https://aqicn.org/city/guangdong/jiangmen/guifengxi,22.5328,113.024,72,pm25,72.0,45.0,30.5,8.3,4.6,3.7,18.0,57.0,1020.0,9.0,9.5,,,2025-11-27 05:00:00,+08:00,1764219600,2025-11-26 22:12:10
14300,65.0,2025-11-24 20:43:16,14300,"紫金紫城,  (河源市紫金紫城)",https://aqicn.org/city/guangdong/heyuanshi/zijinzicheng,23.644268,115.195303,72,pm25,72.0,37.0,17.9,4.2,2.6,3.7,12.0,54.9,1010.0,3.0,3.2,0.7,,2025-11-27 05:00:00,+08:00,1764219600,2025-11-26 22:12:10
14524,70.0,2025-11-24 20:43:16,14524,"青年创业园, Kunming (昆明青年创业园)",https://aqicn.org/city/china/kunming/qingnianchuangyeyuan,24.8336,102.8017,85,pm25,85.0,49.0,29.3,4.6,3.1,4.6,2.0,69.0,1034.0,5.6,-3.0,,,2025-11-27 05:00:00,+08:00,1764219600,2025-11-26 22:12:11
14230,63.0,2025-11-24 20:43:16,14230,"怀集三江口,  (肇庆市怀集三江口)",https://aqicn.org/city/guangdong/zhaoqingshi/huaijisanjiangkou,23.925704,112.173061,78,pm25,78.0,34.0,4.5,13.8,5.1,1.9,4.6,90.0,1010.8,1.0,3.1,,,2025-11-27 05:00:00,+08:00,1764219600,2025-11-26 22:12:11
930,82.0,2025-11-24 20:43:16,930,"Guangming, Shenzhen (光明区 光明街道)",https://aqicn.org/city/shenzhen/guangming,22.723285,114.417292,91,pm25,91.0,53.0,20.4,11.5,4.6,2.8,18.8,47.7,1019.3,1.0,,,,2025-11-27 04:00:00,+08:00,1764216000,2025-11-26 22:12:11
1659,74.0,2025-11-24 20:43:16,1659,"Magong, Taiwan (馬公)",https://aqicn.org/city/taiwan/magong,23.569031,119.566158,65,pm25,65.0,43.0,36.7,2.4,1.2,1.8,19.4,78.0,1018.9,7.7,16.5,,,2025-11-27 06:00:00,+08:00,1764223200,2025-11-26 22:12:12
9886,87.0,2025-11-24 20:43:16,9886,"州图书馆, Honghe (红河州州图书馆)",https://aqicn.org/city/china/honghezhou/zhoutushuguan,23.3682,103.3758,95,pm25,95.0,53.0,32.9,2.8,4.1,4.6,13.2,52.2,878.9,3.0,3.6,,,2025-11-27 05:00:00,+08:00,1764219600,2025-11-26 22:12:12
14252,65.0,2025-11-24 20:43:16,14252,"丰顺汤坑,  (梅州市丰顺汤坑)",https://aqicn.org/city/guangdong/meizhoushi/fengshuntangkang,23.4433,116.1057,68,pm25,68.0,48.0,31.7,5.5,5.1,3.7,14.0,58.0,1021.0,2.5,6.0,,,2025-11-27 05:00:00,+08:00,1764219600,2025-11-26 22:12:13
14246,76.0,2025-11-24 20:43:16,14246,"连南城西,  (清远市连南城西)",https://aqicn.org/city/guangdong/qingyuanshi/liannanchengxi,24.719772,112.295012,53,pm25,53.0,31.0,18.7,2.8,3.1,3.7,4.6,90.0,1010.8,1.0,3.1,,,2025-11-27 04:00:00,+08:00,1764216000,2025-11-26 22:12:13
14367,91.0,2025-11-24 20:43:16,14367,"天河奥体,  (广州市天河奥体)",https://aqicn.org/city/guangdong/guangzhoushi/tianheaoti,23.1467,113.405,57,pm25,57.0,39.0,32.5,8.7,2.6,3.7,14.0,41.0,1023.0,2.5,1.0,,,2025-11-27 05:00:00,+08:00,1764219600,2025-11-26 22:12:13
4343,89.0,2025-11-24 20:43:16,4343,Yangjiang (阳江),https://aqicn.org/city/yangjiang,21.857958,111.982232,87,pm25,87.0,50.0,25.6,10.1,5.6,5.5,15.4,45.9,1010.3,5.0,,,,2025-11-27 05:00:00,+08:00,1764219600,2025-11-26 22:12:14
14472,68.0,2025-11-24 20:43:16,14472,"小漠子站, Shenzhen (深汕合作区 小漠镇)",https://aqicn.org/city/shenzhen/xiaomozizhan,22.78084,115.04496,74,pm25,74.0,45.0,35.4,3.7,4.6,3.7,18.8,47.7,1019.3,1.0,,,,2025-11-27 04:00:00,+08:00,1764216000,2025-11-26 22:12:14
4272,74.0,2025-11-24 20:43:16,4272,"Xincheng Middle School, Shanwei (汕尾新城中学)",https://aqicn.org/city/guangdong/shanwei/xinchengzhongxue,22.7925,115.3622,74,pm25,74.0,45.0,34.2,2.8,3.1,2.8,16.5,45.9,1018.4,3.0,4.8,,,2025-11-27 05:00:00,+08:00,1764219600,2025-11-26 22:12:14
14271,70.0,2025-11-24 20:43:16,14271,"东莞松山湖,  (东莞市东莞松山湖)",https://aqicn.org/city/guangdong/dongguanshi/dongguansongshanhu,22.925278,113.881944,65,pm25,65.0,51.0,33.8,7.4,5.1,5.5,17.0,36.0,1021.0,5.6,2.0,,,2025-11-27 05:00:00,+08:00,1764219600,2025-11-26 22:12:14
14346,82.0,2025-11-24 20:43:16,14346,"大亚湾霞涌,  (惠州市大亚湾霞涌)",https://aqicn.org/city/guangdong/huizhoushi/dayawanxiayong,22.775,114.6517,85,pm25,85.0,56.0,31.7,5.5,4.1,5.5,18.8,45.0,1019.7,2.0,,,,2025-11-27 05:00:00,+08:00,1764219600,2025-11-26 22:12:14
14288,91.0,2025-11-24 20:43:16,14288,"开平卫民,  (江门市开平卫民)",https://aqicn.org/city/guangdong/jiangmenshi/kaipingweimin,22.382749,112.713362,72,pm25,72.0,51.0,30.9,7.8,4.1,3.7,18.0,57.0,1020.0,9.0,9.5,,,2025-11-27 05:00:00,+08:00,1764219600,2025-11-26 22:12:16
14310,72.0,2025-11-24 20:43:16,14310,"饶平城北,  (潮州市饶平城北)",https://aqicn.org/city/guangdong/chaozhoushi/raopingchengbei,23.686944,117.0075,87,pm25,87.0,48.0,24.8,5.5,1.1,3.7,14.0,58.0,1021.0,2.5,6.0,,,2025-11-27 05:00:00,+08:00,1764219600,2025-11-26 22:12:16
14324,122.0,2025-11-24 20:43:16,14324,"徐闻东方路,  (湛江市徐闻东方路)",https://aqicn.org/city/guangdong/zhanjiangshi/xuwendongfanglu,20.342398,110.198618,104,pm25,104.0,53.0,30.1,5.1,5.1,4.6,19.0,68.0,1019.0,4.6,13.0,,,2025-11-27 05:00:00,+08:00,1764219600,2025-11-26 22:12:16
14355,99.0,2025-11-24 20:43:16,14355,"吴川振文,  (湛江市吴川振文)",https://aqicn.org/city/guangdong/zhanjiangshi/wuchuanzhenwen,21.4103,110.7086,89,pm25,89.0,44.0,35.0,5.5,5.1,4.6,14.7,52.9,1014.7,4.0,5.2,,,2025-11-27 05:00:00,+08:00,1764219600,2025-11-26 22:12:17
14369,104.0,2025-11-24 20:43:16,14369,"白云石井,  (广州市白云石井)",https://aqicn.org/city/guangdong/guangzhoushi/baiyunshijing,23.2264,113.2383,80,pm25,80.0,56.0,17.9,20.6,3.6,4.6,14.0,41.0,1023.0,2.5,1.0,,,2025-11-27 05:00:00,+08:00,1764219600,2025-11-26 22:12:17
14309,68.0,2025-11-24 20:43:16,14309,"潮安庵北,  (潮州市潮安庵北)",https://aqicn.org/city/guangdong/chaozhoushi/chaoananbei,23.467778,116.671944,97,pm25,97.0,58.0,22.8,5.1,4.1,1.9,14.0,58.0,1021.0,2.5,6.0,,,2025-11-27 05:00:00,+08:00,1764219600,2025-11-26 22:12:18
14251,65.0,2025-11-24 20:43:16,14251,"海丰牛黄山,  (汕尾市海丰牛黄山)",https://aqicn.org/city/guangdong/shanweishi/haifengniuhuangshan,22.972396,115.324567,91,pm25,91.0,51.0,31.3,3.7,2.6,4.6,16.5,45.9,1018.4,3.0,4.8,,,2025-11-27 05:00:00,+08:00,1764219600,2025-11-26 22:12:18
7220,95.0,2025-11-24 20:43:16,7220,"City convenient service centers, Wenshan (文山州市便民服务中心)",https://aqicn.org/city/china/wenshanzhou/shibianminfuwuzhongxin,23.3892,104.2319,93,pm25,93.0,52.0,6.5,13.3,5.1,3.7,13.2,52.2,878.9,3.0,3.6,,,2025-11-27 05:00:00,+08:00,1764219600,2025-11-26 22:12:18
14218,72.0,2025-11-24 20:43:16,14218,"罗定罗光,  (云浮市罗定罗光)",https://aqicn.org/city/guangdong/yunfushi/luodingluoguang,22.578889,111.342222,63,pm25,63.0,29.0,30.5,1.9,6.6,3.7,15.4,41.0,1005.3,3.0,2.2,99.1,,2025-11-27 05:00:00,+08:00,1764219600,2025-11-26 22:12:20
14353,82.0,2025-11-24 20:43:16,14353,"两阳中学,  (阳江市两阳中学)",https://aqicn.org/city/guangdong/yangjiangshi/liangyangzhongxue,21.893,111.977,72,pm25,72.0,48.0,20.4,16.0,4.1,4.6,15.4,45.9,1010.3,5.0,3.8,,,2025-11-27 05:00:00,+08:00,1764219600,2025-11-26 22:12:20
13763,,2025-11-24 20:43:16,13026,"Hà Nội/Chi cục BVMT, Vietnam",https://aqicn.org/city/vietnam/ha-noi/chi-cuc-bvmt,21.01525,105.80013,116,pm10,74.0,116.0,1.0,33.2,,0.1,14.0,87.0,1024.0,1.5,12.0,,,2025-11-27 04:00:00,+07:00,1764216000,2025-11-26 22:12:21
7036,78.0,2025-11-24 20:43:16,7036,"yú hú, Jieyang (揭阳渔湖)",https://aqicn.org/city/guangdong/jieyang/yuhu,23.5292,116.4094,156,pm25,156.0,67.0,7.0,25.6,4.6,7.3,14.0,58.0,1021.0,2.5,6.0,,,2025-11-27 05:00:00,+08:00,1764219600,2025-11-26 22:12:21
14307,68.0,2025-11-24 20:43:16,14307,"龙门县龙城,  (惠州市龙门县龙城)",https://aqicn.org/city/guangdong/huizhoushi/longmenxianlongcheng,23.736634,114.250945,46,pm25,46.0,39.0,31.3,3.2,0.6,1.9,12.0,54.9,1010.0,3.0,3.2,0.7,,2025-11-27 05:00:00,+08:00,1764219600,2025-11-26 22:12:22
14250,53.0,2025-11-24 20:43:16,14250,"陆丰迎仙桥,  (汕尾市陆丰迎仙桥)",https://aqicn.org/city/guangdong/shanweishi/lufengyingxianqiao,22.944338,115.644099,80,pm25,80.0,45.0,31.3,6.0,4.6,4.6,16.5,45.9,1018.4,3.0,4.8,,,2025-11-27 05:00:00,+08:00,1764219600,2025-11-26 22:12:22
14304,72.0,2025-11-24 20:43:16,14304,"兴宁南坛,  (梅州市兴宁南坛)",https://aqicn.org/city/guangdong/meizhoushi/xingningnantan,24.81406,115.435232,80,pm25,80.0,45.0,11.8,9.2,5.6,5.5,10.2,49.9,988.5,1.0,0.2,,,2025-11-27 05:00:00,+08:00,1764219600,2025-11-26 22:12:23
14518,65.0,2025-11-24 20:43:16,14518,"Puer No2 middle school, Pu'er (普洱普洱第二中学)",https://aqicn.org/city/china/puer/puerdierzhongxue,22.8322,100.9817,57,pm25,57.0,29.0,8.2,6.0,2.1,2.8,10.6,86.8,866.1,1.0,8.5,,,2025-11-27 05:00:00,+08:00,1764219600,2025-11-26 22:12:23
14402,112.0,2025-11-24 20:43:16,14402,"和平南堤,  (河源市和平南堤)",https://aqicn.org/city/guangdong/heyuanshi/hepingnandi,23.7506,114.7389,74,pm25,74.0,57.0,36.2,6.0,6.1,6.4,12.0,54.9,1010.0,3.0,3.2,0.7,,2025-11-27 05:00:00,+08:00,1764219600,2025-11-26 22:12:23
4293,104.0,2025-11-24 20:43:16,4293,"Mazhang EPA, Zhanjiang (湛江麻章区环保局)",https://aqicn.org/city/guangdong/zhanjiang/mazhangquhuanbaoju,21.2679,110.3316,151,pm25,151.0,58.0,26.0,11.5,55.7,6.4,14.7,52.9,1014.7,4.0,5.2,,,2025-11-27 05:00:00,+08:00,1764219600,2025-11-26 22:12:23
14409,76.0,2025-11-24 20:43:16,14409,"梅江月梅,  (梅州市梅江月梅)",https://aqicn.org/city/guangdong/meizhoushi/meijiangyuemei,24.3289,116.1278,82,pm25,82.0,45.0,14.3,9.2,8.2,4.6,14.0,58.0,1021.0,2.5,6.0,,,2025-11-27 05:00:00,+08:00,1764219600,2025-11-26 22:12:25
7188,91.0,2025-11-24 20:43:16,7188,"dàhǎi huāyuán, Fangchenggang (防城港大海花园)",https://aqicn.org/city/china/fangchenggang/dahaihuayuan,21.6414,108.3506,74,pm25,74.0,39.0,32.9,4.2,3.6,3.7,12.8,68.8,1021.5,1.0,7.2,,,2025-11-27 05:00:00,+08:00,1764219600,2025-11-26 22:12:25
14220,89.0,2025-11-24 20:43:16,14220,"丰顺八乡山,  (梅州市丰顺八乡山)",https://aqicn.org/city/guangdong/meizhoushi/fengshunbaxiangshan,23.462,115.5754,87,pm25,87.0,50.0,25.6,4.2,3.6,5.5,14.0,58.0,1021.0,2.5,6.0,,,2025-11-27 05:00:00,+08:00,1764219600,2025-11-26 22:12:25
14350,82.0,2025-11-24 20:43:16,14350,"中山南区,  (中山市中山南区)",https://aqicn.org/city/guangdong/zhongshanshi/zhongshannanqu,22.4777,113.3536,65,pm25,65.0,44.0,28.5,10.6,5.6,3.7,18.0,57.0,1020.0,9.0,9.5,,,2025-11-27 05:00:00,+08:00,1764219600,2025-11-26 22:12:25
14329,89.0,2025-11-24 20:43:16,14329,"信宜六谢,  (茂名市信宜六谢)",https://aqicn.org/city/guangdong/maomingshi/xinyiliuxie,22.349098,110.935868,65,pm25,65.0,40.0,36.2,4.2,6.1,2.8,15.4,41.0,1005.3,3.0,2.2,99.1,,2025-11-27 05:00:00,+08:00,1764219600,2025-11-26 22:12:25
14217,80.0,2025-11-24 20:43:16,14217,"台山端芬,  (江门市台山端芬)",https://aqicn.org/city/guangdong/jiangmenshi/taishanduanfen,22.0608,112.607,82,pm25,82.0,60.0,23.2,8.3,5.6,2.8,17.4,45.8,1017.7,10.0,5.6,,,2025-11-27 05:00:00,+08:00,1764219600,2025-11-26 22:12:26
14470,74.0,2025-11-24 20:43:16,14470,"较场尾, Shenzhen (大鹏新区 大鹏街道)",https://aqicn.org/city/shenzhen/jiaochangwei,22.598801,114.515576,76,pm25,76.0,52.0,37.8,5.1,5.1,4.6,18.8,47.7,1019.3,1.0,,,,2025-11-27 04:00:00,+08:00,1764216000,2025-11-26 22:12:27
7199,76.0,2025-11-24 20:43:16,7199,"City Monitoring Station, Baise (百色市监测站)",https://aqicn.org/city/china/baise/shijiancezhan,23.9011,106.6103,25,pm10,72.0,25.0,3.7,11.0,3.1,4.6,12.4,91.2,1005.7,1.0,11.0,,,2025-11-27 05:00:00,+08:00,1764219600,2025-11-26 22:12:27
1658,85.0,2025-11-24 20:43:16,1658,"Kinmen, Taiwan (金門)",https://aqicn.org/city/taiwan/kinmen,24.432133,118.312256,76,pm25,76.0,52.0,39.1,6.3,2.0,2.8,16.0,48.0,1021.0,4.1,4.0,,,2025-11-27 06:00:00,+08:00,1764223200,2025-11-26 22:12:28
4341,85.0,2025-11-24 20:43:16,4341,Meizhou (梅州),https://aqicn.org/city/meizhou,24.288615,116.122239,95,pm25,95.0,49.0,0.9,23.4,18.8,5.5,14.0,58.0,1021.0,2.5,,,,2025-11-27 05:00:00,+08:00,1764219600,2025-11-26 22:12:28
14255,72.0,2025-11-24 20:43:16,14255,"乳源乳城,  (韶关市乳源乳城)",https://aqicn.org/city/guangdong/shaoguanshi/ruyuanrucheng,24.775104,113.284707,63,pm25,63.0,30.0,14.7,2.3,2.6,6.4,5.8,90.7,1011.2,3.0,4.4,,,2025-11-27 05:00:00,+08:00,1764219600,2025-11-26 22:12:29
1378,85.0,2025-11-24 20:43:16,1378,"Chenggong New Area, Kunming (昆明呈贡新区)",https://aqicn.org/city/china/kunming/chenggongxinqu,24.8885,102.821,132,pm25,132.0,30.0,32.9,3.7,2.6,4.6,2.0,69.0,1034.0,5.6,-3.0,,,2025-11-27 05:00:00,+08:00,1764219600,2025-11-26 22:12:29
14305,93.0,2025-11-24 20:43:16,14305,"博罗罗阳,  (惠州市博罗罗阳)",https://aqicn.org/city/guangdong/huizhoushi/boluoluoyang,23.174541,114.293803,76,pm25,76.0,46.0,31.3,7.4,4.1,4.6,17.2,36.5,1019.7,5.0,2.2,,,2025-11-27 05:00:00,+08:00,1764219600,2025-11-26 22:12:30
14245,63.0,2025-11-24 20:43:16,14245,"连山广德,  (清远市连山广德)",https://aqicn.org/city/guangdong/qingyuanshi/lianshanguangde,24.572861,112.105194,30,pm10,30.0,30.0,4.5,8.7,2.6,3.7,4.6,90.0,1010.8,1.0,3.1,,,2025-11-27 05:00:00,+08:00,1764219600,2025-11-26 22:12:30
14314,80.0,2025-11-24 20:43:16,14314,"揭西河婆,  (揭阳市揭西河婆)",https://aqicn.org/city/guangdong/jieyangshi/jiexihepo,23.451721,115.861473,85,pm25,85.0,51.0,19.5,13.3,5.1,6.4,14.0,58.0,1021.0,2.5,6.0,,,2025-11-27 05:00:00,+08:00,1764219600,2025-11-26 22:12:30
14360,122.0,2025-11-24 20:43:16,14360,"沙湖,  (江门市沙湖)",https://aqicn.org/city/guangdong/jiangmenshi/shahu,22.3517,112.4686,107,pm25,107.0,58.0,13.0,18.8,12.7,4.6,17.4,45.8,1017.7,10.0,5.6,,,2025-11-27 05:00:00,+08:00,1764219600,2025-11-26 22:12:30
1333,93.0,2025-11-24 20:43:16,1333,"Běihú, Nanning (南宁北湖)",https://aqicn.org/city/china/nanning/beihu,22.8561,108.316,61,pm25,61.0,36.0,21.6,12.4,6.1,4.6,9.0,87.0,1024.0,2.5,7.0,,,2025-11-27 05:00:00,+08:00,1764219600,2025-11-26 22:12:31
14239,89.0,2025-11-24 20:43:16,14239,"新丰丰城,  (韶关市新丰丰城)",https://aqicn.org/city/guangdong/shaoguanshi/xinfengfengcheng,24.064879,114.232013,76,pm25,76.0,38.0,4.1,19.7,5.1,5.5,11.9,39.1,990.5,4.0,-1.6,,,2025-11-27 05:00:00,+08:00,1764219600,2025-11-26 22:12:32
917,85.0,2025-11-24 20:43:16,917,"Songgang, Shenzhen (宝安区 松岗街道)",https://aqicn.org/city/shenzhen/songgang,22.764405,113.848641,85,pm25,85.0,54.0,30.1,10.1,5.1,5.5,17.0,36.0,1021.0,5.6,2.0,,,2025-11-27 04:00:00,+08:00,1764216000,2025-11-26 22:12:32
14238,74.0,2025-11-24 20:43:16,14238,"陆河河田,  (汕尾市陆河河田)",https://aqicn.org/city/guangdong/shanweishi/luhehetian,23.1819,115.40912,82,pm25,82.0,40.0,29.3,5.1,2.6,9.1,16.5,45.9,1018.4,3.0,4.8,,,2025-11-27 05:00:00,+08:00,1764219600,2025-11-26 22:12:32
4692,74.0,2025-11-24 20:43:16,4292,"Chaonanzi Station, Shantou (汕头潮南子站)",https://aqicn.org/city/guangdong/shantou/chaonanzizhan,23.2536,116.4019,158,pm25,158.0,93.0,17.1,12.4,5.6,6.4,14.0,58.0,1021.0,2.5,6.0,,,2025-11-27 05:00:00,+08:00,1764219600,2025-11-26 22:12:33
14384,122.0,2025-11-24 20:43:16,14384,"高明更合,  (佛山市高明更合)",https://aqicn.org/city/guangdong/fushanshi/gaominggenghe,22.8051,112.5151,85,pm25,85.0,52.0,1.3,20.6,47.7,10.0,12.1,81.9,1016.2,1.0,9.1,,,2025-11-27 05:00:00,+08:00,1764219600,2025-11-26 22:12:33
14317,72.0,2025-11-24 20:43:16,14317,"阳春城东,  (阳江市阳春城东)",https://aqicn.org/city/guangdong/yangjiangshi/yangchunchengdong,22.177671,111.804279,57,pm25,57.0,44.0,30.5,6.0,6.6,5.5,15.4,45.9,1010.3,5.0,3.8,,,2025-11-27 05:00:00,+08:00,1764219600,2025-11-26 22:12:33
14225,63.0,2025-11-24 20:43:16,14225,"封开府前,  (肇庆市封开府前)",https://aqicn.org/city/guangdong/zhaoqingshi/fengkaifuqian,23.425061,111.515576,50,pm25,50.0,21.0,8.2,10.1,5.6,4.6,11.3,78.0,1010.2,2.0,7.6,,,2025-11-27 05:00:00,+08:00,1764219600,2025-11-26 22:12:34
14241,72.0,2025-11-24 20:43:16,14241,"大埔湖寮,  (梅州市大埔湖寮)",https://aqicn.org/city/guangdong/meizhoushi/dapuhuliao,24.210664,116.411486,63,pm25,63.0,28.0,7.0,3.2,1.6,5.5,14.0,58.0,1021.0,2.5,6.0,,,2025-11-27 05:00:00,+08:00,1764219600,2025-11-26 22:12:34
7219,102.0,2025-11-24 20:43:16,7219,"State Water Authority, Wenshan (文山州州水务局)",https://aqicn.org/city/china/wenshanzhou/zhoushuiwuju,23.3594,104.2533,107,pm25,107.0,54.0,12.2,10.1,6.6,2.8,13.2,52.2,878.9,3.0,3.6,,,2025-11-27 05:00:00,+08:00,1764219600,2025-11-26 22:12:35
14357,63.0,2025-11-24 20:43:16,14357,"四会威整,  (肇庆市四会威整)",https://aqicn.org/city/guangdong/zhaoqingshi/sihuiweizheng,24.6969,115.1909,53,pm25,53.0,21.0,11.0,2.3,2.1,2.8,10.2,49.9,988.5,1.0,0.2,,,2025-11-27 05:00:00,+08:00,1764219600,2025-11-26 22:12:35
801,61.0,2025-11-24 20:43:16,801,"Shuāngqiáo, Jiangmen (江门双桥)",https://aqicn.org/city/guangdong/jiangmen/shuangqiao,22.5862,112.5814,78,pm25,78.0,52.0,4.5,12.4,2.6,3.7,12.1,81.9,1016.2,1.0,9.1,,,2025-11-27 05:00:00,+08:00,1764219600,2025-11-26 22:12:35
14399,74.0,2025-11-24 20:43:16,14399,"高明富湾,  (佛山市高明富湾)",https://aqicn.org/city/guangdong/fushanshi/gaomingfuwan,23.0015,112.8441,97,pm10,89.0,97.0,11.8,22.9,8.2,8.2,14.0,41.0,1023.0,2.5,1.0,,,2025-11-27 05:00:00,+08:00,1764219600,2025-11-26 22:12:36
12916,72.0,2025-11-24 20:43:16,12916,"Island/Taipower Guoyeh, Taiwan",https://aqicn.org/city/taiwan/island/taipower-guoyeh,23.57886111,119.6763056,50,pm10,30.0,50.0,,,,,19.4,78.0,1018.9,7.7,16.5,,,2025-11-27 05:00:00,+08:00,1764219600,2025-11-26 22:12:36
14296,80.0,2025-11-24 20:43:16,14296,"连平连中,  (河源市连平连中)",https://aqicn.org/city/guangdong/heyuanshi/lianpinglianzhong,24.375277,114.473055,61,pm25,61.0,32.0,30.5,2.8,4.6,2.8,11.9,39.1,990.5,4.0,-1.6,,,2025-11-27 05:00:00,+08:00,1764219600,2025-11-26 22:12:37
7185,80.0,2025-11-24 20:43:16,7185,"lóng xīn, Wuzhou (梧州龙新)",https://aqicn.org/city/china/wuzhou/longxin,23.4794,111.26,76,pm25,76.0,48.0,0.5,20.6,5.1,2.8,12.3,74.0,1010.0,2.0,7.8,,,2025-11-27 05:00:00,+08:00,1764219600,2025-11-26 22:12:37
14320,89.0,2025-11-24 20:43:16,14320,"雷州朝南,  (湛江市雷州朝南)",https://aqicn.org/city/guangdong/zhanjiangshi/leizhouchaonan,20.913124,110.105929,87,pm25,87.0,52.0,26.4,7.8,5.6,4.6,14.7,52.9,1014.7,4.0,5.2,,,2025-11-27 05:00:00,+08:00,1764219600,2025-11-26 22:12:37
1502,82.0,2025-11-24 20:43:16,1502,Quanzhou (泉州),https://aqicn.org/city/quanzhou,24.874699,118.675464,76,pm25,76.0,51.0,36.2,4.6,2.1,3.7,16.0,44.0,1021.0,1.5,,,,2025-11-27 05:00:00,+08:00,1764219600,2025-11-26 22:12:37
14219,114.0,2025-11-24 20:43:16,14219,"徐闻海安,  (湛江市徐闻海安)",https://aqicn.org/city/guangdong/zhanjiangshi/xuwenhaian,20.521388,110.314666,82,pm25,82.0,49.0,33.3,6.0,6.1,4.6,19.0,68.0,1019.0,4.6,13.0,,,2025-11-27 05:00:00,+08:00,1764219600,2025-11-26 22:12:38
7556,99.0,2025-11-24 20:43:16,7556,"Sewage treatment plant, Honghe (红河州污水处理厂)",https://aqicn.org/city/china/honghezhou/wushuichulichang,23.3993,103.3772,104,pm25,104.0,48.0,34.2,4.2,3.6,3.7,13.2,52.2,878.9,3.0,3.6,,,2025-11-27 05:00:00,+08:00,1764219600,2025-11-26 22:12:38
14319,87.0,2025-11-24 20:43:16,14319,"阳西城区,  (阳江市阳西城区)",https://aqicn.org/city/guangdong/yangjiangshi/yangxichengqu,21.756039,111.613483,78,pm25,78.0,46.0,32.1,5.1,5.1,4.6,15.4,45.9,1010.3,5.0,3.8,,,2025-11-27 05:00:00,+08:00,1764219600,2025-11-26 22:12:38
7205,91.0,2025-11-24 20:43:16,7205,"shì jí kòng zhōngxīn, Hechi (河池市疾控中心)",https://aqicn.org/city/china/hechi/shijikongzhongxin,24.6967,108.1009,95,pm25,95.0,36.0,2.5,12.8,2.6,4.6,11.1,80.1,995.6,1.0,7.8,,,2025-11-27 05:00:00,+08:00,1764219600,2025-11-26 22:12:38
14240,91.0,2025-11-24 20:43:16,14240,"翁源龙仙,  (韶关市翁源龙仙)",https://aqicn.org/city/guangdong/shaoguanshi/wengyuanlongxian,24.362844,114.143038,63,pm25,63.0,34.0,26.0,4.6,4.1,4.6,11.9,39.1,990.5,4.0,-1.6,,,2025-11-27 05:00:00,+08:00,1764219600,2025-11-26 22:12:39
3450,74.0,2025-11-24 20:43:16,3450,"Hexi water supply company, Liuzhou (柳州河西水厂)",https://aqicn.org/city/china/liuzhou/hexishuichang,24.3406,109.3886,91,pm25,91.0,54.0,25.2,7.4,13.7,5.5,13.2,47.9,989.2,5.0,2.4,,,2025-11-27 05:00:00,+08:00,1764219600,2025-11-26 22:12:39
14301,76.0,2025-11-24 20:43:16,14301,"蕉岭镇山,  (梅州市蕉岭镇山)",https://aqicn.org/city/guangdong/meizhoushi/jiaolingzhenshan,24.394411,116.10794,70,pm25,70.0,60.0,20.8,9.2,9.7,4.6,9.1,83.8,1009.9,1.0,6.5,,,2025-11-27 05:00:00,+08:00,1764219600,2025-11-26 22:12:40
1567,78.0,2025-11-24 20:43:16,1567,Yuxi (玉溪),https://aqicn.org/city/yuxi,24.352036,102.546543,124,pm25,124.0,50.0,31.7,6.4,2.6,3.7,2.0,69.0,1034.0,5.6,,99.2,,2025-11-27 05:00:00,+08:00,1764219600,2025-11-26 22:12:41
4294,107.0,2025-11-24 20:43:16,4294,"Potou District EPB, Zhanjiang (湛江坡头区环保局)",https://aqicn.org/city/guangdong/zhanjiang/potouquhuanbaoju,21.2567,110.4558,74,pm25,74.0,47.0,33.3,5.1,6.6,4.6,14.7,52.9,1014.7,4.0,5.2,,,2025-11-27 05:00:00,+08:00,1764219600,2025-11-26 22:12:41
9848,89.0,2025-11-24 20:43:16,9848,"shì bāshí liù zhōng, Guangzhou (广州市八十六中)",https://aqicn.org/city/guangdong/guangzhou/shibashiliuzhong,23.105,113.433,63,pm25,63.0,32.0,31.7,5.1,3.1,2.8,14.0,41.0,1023.0,2.5,1.0,,,2025-11-27 05:00:00,+08:00,1764219600,2025-11-26 22:12:42
14331,80.0,2025-11-24 20:43:16,14331,"高要湖西,  (肇庆市高要湖西)",https://aqicn.org/city/guangdong/zhaoqingshi/gaoyaohuxi,23.0166,112.4575,93,pm25,93.0,48.0,0.5,21.1,3.6,4.6,14.0,41.0,1023.0,2.5,1.0,,,2025-11-27 05:00:00,+08:00,1764219600,2025-11-26 22:12:42
14412,82.0,2025-11-24 20:43:16,14412,"南城元美,  (东莞市南城元美)",https://aqicn.org/city/guangdong/dongguanshi/nanchengyuanmei,23.0206,113.7506,74,pm25,74.0,34.0,32.1,6.9,3.6,5.5,17.0,36.0,1021.0,5.6,2.0,,,2025-11-27 05:00:00,+08:00,1764219600,2025-11-26 22:12:42
781,82.0,2025-11-24 20:43:16,781,"Tianhu, Guangzhou (广州天湖)",https://aqicn.org/city/guangdong/guangzhou/tianhu,23.6502,113.6246,50,pm25,50.0,13.0,38.2,1.9,1.6,3.7,14.0,41.0,1023.0,2.5,1.0,,,2025-11-27 05:00:00,+08:00,1764219600,2025-11-26 22:12:43
2568,72.0,2025-11-24 20:43:16,2568,"Tung Chung, HongKong (東涌)",https://aqicn.org/city/hongkong/tung-chung,22.288916,113.9435389,70,pm25,70.0,51.0,29.2,6.8,0.9,5.1,18.0,40.5,1020.0,5.9,4.5,,,2025-11-27 05:00:00,+08:00,1764219600,2025-11-26 22:12:43
14459,87.0,2025-11-24 20:43:16,14459,"龙田子站, Shenzhen (坪山区 龙田街道)",https://aqicn.org/city/shenzhen/longtianzizhan,22.72666,114.359167,80,pm25,80.0,55.0,37.4,7.4,3.1,3.7,18.8,47.7,1019.3,1.0,,,,2025-11-27 04:00:00,+08:00,1764216000,2025-11-26 22:12:44
3928,95.0,2025-11-24 20:43:16,3928,"Tuen Mun, HongKong (屯門)",https://aqicn.org/city/hongkong/tuen-mun,22.390373,113.97628,85,pm25,85.0,60.0,34.9,12.4,4.1,4.1,22.2,40.0,1020.2,0.2,,,,2025-11-27 05:00:00,+08:00,1764219600,2025-11-26 22:12:44
4339,87.0,2025-11-24 20:43:16,4339,Jieyang (揭阳),https://aqicn.org/city/jieyang,23.549993,116.372831,151,pm25,151.0,63.0,10.2,20.2,5.6,5.5,14.0,58.0,1021.0,2.5,,,,2025-11-27 05:00:00,+08:00,1764219600,2025-11-26 22:12:44
14295,89.0,2025-11-24 20:43:16,14295,"和平新华,  (河源市和平新华)",https://aqicn.org/city/guangdong/heyuanshi/hepingxinhua,24.407083,114.939138,68,pm25,68.0,59.0,31.7,6.0,1.6,1.9,11.9,39.1,990.5,4.0,-1.6,,,2025-11-27 05:00:00,+08:00,1764219600,2025-11-26 22:12:44
14410,40.0,2025-11-24 20:43:16,14410,"南澳后宅,  (汕头市南澳后宅)",https://aqicn.org/city/guangdong/shantoushi/nanaohouzhai,23.428056,117.018611,61,pm25,61.0,52.0,33.8,2.8,2.1,2.8,14.0,58.0,1021.0,2.5,6.0,,,2025-11-27 05:00:00,+08:00,1764219600,2025-11-26 22:12:45
7186,87.0,2025-11-24 20:43:16,7186,"shā wàn, Fangchenggang (防城港沙万)",https://aqicn.org/city/china/fangchenggang/shawan,21.6158,108.3411,76,pm25,76.0,42.0,29.7,4.2,4.1,2.8,12.8,68.8,1021.5,1.0,7.2,,,2025-11-27 05:00:00,+08:00,1764219600,2025-11-26 22:12:46
3489,82.0,2025-11-24 20:43:16,3489,"Forest area, Shaoguan (韶关园林处)",https://aqicn.org/city/china/shaoguan/yuanlinchu,24.795928,113.598061,87,pm25,87.0,41.0,22.8,6.0,7.1,3.7,8.9,84.9,1011.2,3.0,6.5,,,2025-11-27 05:00:00,+08:00,1764219600,2025-11-26 22:12:46
2571,92.0,2025-11-24 20:43:16,2571,"Central, HongKong (中環)",https://aqicn.org/city/hongkong/central,22.2796569,114.1719873,99,pm25,99.0,62.0,20.9,30.1,3.4,1.7,18.2,40.4,1019.1,5.0,4.5,,,2025-11-27 05:00:00,+08:00,1764219600,2025-11-26 22:12:47
14397,87.0,2025-11-24 20:43:16,14397,"祥龙,  (江门市祥龙)",https://aqicn.org/city/guangdong/jiangmenshi/xianglong,22.3557,112.677,68,pm25,68.0,48.0,28.5,8.7,5.6,3.7,18.0,57.0,1020.0,9.0,9.5,,,2025-11-27 05:00:00,+08:00,1764219600,2025-11-26 22:12:47
14302,57.0,2025-11-24 20:43:16,14302,"平远大道,  (梅州市平远大道)",https://aqicn.org/city/guangdong/meizhoushi/pingyuandadao,24.334994,115.533932,63,pm25,63.0,42.0,33.8,3.2,3.1,2.8,9.1,83.8,1009.9,1.0,6.5,,,2025-11-27 04:00:00,+08:00,1764216000,2025-11-26 22:12:47
7200,102.0,2025-11-24 20:43:16,7200,"Blood Center, Baise (百色市中心血站)",https://aqicn.org/city/china/baise/shizhongxinxuezhan,23.8844,106.6527,85,pm25,85.0,35.0,0.9,16.0,3.1,4.6,12.4,91.2,1005.7,1.0,11.0,,,2025-11-27 05:00:00,+08:00,1764219600,2025-11-26 22:12:48
7191,93.0,2025-11-24 20:43:16,7191,"gǎng qū yī xiǎo, Qinzhou (钦州港区一小)",https://aqicn.org/city/china/qinzhou/gangquyixiao,21.7431,108.5989,72,pm25,72.0,43.0,24.0,11.9,5.6,5.5,15.3,49.2,1016.7,6.0,4.7,,,2025-11-27 05:00:00,+08:00,1764219600,2025-11-26 22:12:48
14322,117.0,2025-11-24 20:43:16,14322,"遂溪建设,  (湛江市遂溪建设)",https://aqicn.org/city/guangdong/zhanjiangshi/suixijianshe,21.382778,110.247778,93,pm25,93.0,53.0,25.2,10.6,31.0,5.5,14.7,52.9,1014.7,4.0,5.2,,,2025-11-27 05:00:00,+08:00,1764219600,2025-11-26 22:12:48
7189,50.0,2025-11-24 20:43:16,7189,"City EPA station, Qinzhou (钦州市环保站)",https://aqicn.org/city/china/qinzhou/shihuanbaozhan,21.9667,108.6236,65,pm25,65.0,38.0,29.3,5.1,2.6,7.3,9.0,87.0,1024.0,2.5,7.0,,,2025-11-27 05:00:00,+08:00,1764219600,2025-11-26 22:12:49
14267,87.0,2025-11-24 20:43:16,14267,"始兴丹凤,  (韶关市始兴丹凤)",https://aqicn.org/city/guangdong/shaoguanshi/shixingdanfeng,24.959292,114.070703,72,pm25,72.0,37.0,2.1,14.2,2.6,4.6,5.8,90.7,1011.2,3.0,4.4,,,2025-11-27 05:00:00,+08:00,1764219600,2025-11-26 22:12:49
4265,91.0,2025-11-24 20:43:16,4265,"Petrochemical No. 7 elementaty school, Maoming (茂名茂石化七小)",https://aqicn.org/city/guangdong/maoming/maoshihuaqixiao,21.6533,110.9294,76,pm25,76.0,40.0,31.7,3.7,5.1,4.6,15.4,41.0,1005.3,3.0,2.2,99.1,,2025-11-27 05:00:00,+08:00,1764219600,2025-11-26 22:12:49
4282,85.0,2025-11-24 20:43:16,4282,"Xiyuan Road, Chaozhou (潮州西园路)",https://aqicn.org/city/guangdong/chaozhou/xiyuanlu,23.6714,116.6339,93,pm25,93.0,54.0,23.2,4.6,2.1,1.9,14.0,58.0,1021.0,2.5,6.0,,,2025-11-27 05:00:00,+08:00,1764219600,2025-11-26 22:12:50
3514,80.0,2025-11-24 20:43:16,3514,Qingyuan (清远),https://aqicn.org/city/qingyuan,23.681764,113.056031,70,pm25,70.0,37.0,35.8,5.5,7.1,3.7,14.0,41.0,1023.0,2.5,,,,2025-11-27 05:00:00,+08:00,1764219600,2025-11-26 22:12:50
4338,85.0,2025-11-24 20:43:16,4338,Chaozhou (潮州),https://aqicn.org/city/chaozhou,23.65695,116.622604,93,pm25,93.0,54.0,23.2,4.6,2.1,1.9,14.0,58.0,1021.0,2.5,,,,2025-11-27 05:00:00,+08:00,1764219600,2025-11-26 22:12:50
7217,68.0,2025-11-24 20:43:16,7217,"City EPA, Lincang (临沧市环保局)",https://aqicn.org/city/china/lincang/shihuanbaoju,23.8822,100.0869,82,pm25,82.0,23.0,7.8,2.8,2.1,5.5,7.9,80.8,843.9,1.0,4.8,,,2025-11-27 05:00:00,+08:00,1764219600,2025-11-26 22:12:51
7195,61.0,2025-11-24 20:43:16,7195,"hé chéngzi zhàn, Guigang (贵港荷城子站)",https://aqicn.org/city/china/guigang/hechengzizhan,23.1036,109.5683,72,pm25,72.0,42.0,28.5,6.0,4.1,4.6,12.3,54.2,1008.0,4.0,3.3,,,2025-11-27 05:00:00,+08:00,1764219600,2025-11-26 22:12:51
14641,77.0,2025-11-24 20:43:16,14641,"Thái Bình/Trạm quan trắc khí tại Thái Thụy, Vietnam",https://aqicn.org/city/vietnam/thai-binh/tram-quan-trac-khi-tai-thai-thuy,20.461641,106.516972,63,pm25,63.0,51.0,,,,,15.2,74.0,1023.4,2.0,10.6,,,2025-11-27 05:00:00,+07:00,1764219600,2025-11-26 22:12:52
3423,78.0,2025-11-24 20:43:16,3423,"Jīntóu bù, Quanzhou (泉州津头埔)",https://aqicn.org/city/china/quanzhou/jintoupu,24.8978,118.5972,76,pm25,76.0,48.0,33.8,4.6,2.1,3.7,16.0,44.0,1021.0,1.5,4.0,,,2025-11-27 05:00:00,+08:00,1764219600,2025-11-26 22:12:52
1335,65.0,2025-11-24 20:43:16,1335,"Daziran Garden, Nanning (南宁大自然花园)",https://aqicn.org/city/china/nanning/daziranhuayuan,22.805,108.383,76,pm25,76.0,30.0,26.0,6.9,7.1,2.8,9.0,87.0,1024.0,2.5,7.0,,,2025-11-27 05:00:00,+08:00,1764219600,2025-11-26 22:12:53
14234,89.0,2025-11-24 20:43:16,14234,"高栏港,  (珠海市高栏港)",https://aqicn.org/city/guangdong/zhuhaishi/gaolangang,21.9391,113.2308,82,pm25,82.0,56.0,27.3,12.8,3.6,7.3,18.0,57.0,1020.0,9.0,9.5,,,2025-11-27 05:00:00,+08:00,1764219600,2025-11-26 22:12:53
12961,13.0,2025-11-24 20:43:16,12961,"Bắc Ninh/TT Quan trắc - phường Suối Hoa - TP Bắc Ninh, Vietnam",https://aqicn.org/city/vietnam/bac-ninh/tt-quan-trac-phuong-suoi-hoa-tp-bac-ninh,21.1873402,106.0742958,11,pm25,11.0,6.0,6.0,,,2.0,14.0,87.0,1024.0,1.5,12.0,,,2025-11-27 05:00:00,+07:00,1764219600,2025-11-26 22:12:53
14308,76.0,2025-11-24 20:43:16,14308,"仲恺陈江,  (惠州市仲恺陈江)",https://aqicn.org/city/guangdong/huizhoushi/zhongkaichenjiang,23.013941,114.325313,68,pm25,68.0,56.0,36.2,5.1,3.1,2.8,17.2,36.5,1019.7,5.0,2.2,,,2025-11-27 05:00:00,+08:00,1764219600,2025-11-26 22:12:53
1540,89.0,2025-11-24 20:43:16,1540,Zhuhai (珠海),https://aqicn.org/city/zhuhai,22.270715,113.576726,82,pm25,82.0,55.0,26.9,15.6,5.1,5.5,17.0,36.0,1021.0,5.6,,,,2025-11-27 05:00:00,+08:00,1764219600,2025-11-26 22:12:54
14243,68.0,2025-11-24 20:43:16,14243,"阳山城北,  (清远市阳山城北)",https://aqicn.org/city/guangdong/qingyuanshi/yangshanchengbei,24.477909,112.642972,70,pm25,70.0,41.0,10.2,11.9,3.1,2.8,4.6,90.0,1010.8,1.0,3.1,,,2025-11-27 05:00:00,+08:00,1764219600,2025-11-26 22:12:54
7206,93.0,2025-11-24 20:43:16,7206,"shì huánbǎo jú jiāng zhōu fēnjú, Chongzuo (崇左市环保局江州分局)",https://aqicn.org/city/china/chongzuo/shihuanbaojujiangzhoufenju,22.4137,107.3476,80,pm25,80.0,35.0,7.4,6.9,4.1,3.7,9.0,87.0,1024.0,2.5,7.0,,,2025-11-27 05:00:00,+08:00,1764219600,2025-11-26 22:12:55
14275,80.0,2025-11-24 20:43:16,14275,"横琴,  (珠海市横琴)",https://aqicn.org/city/guangdong/zhuhaishi/hengqin,22.1163,113.5433,82,pm25,82.0,55.0,28.1,9.2,5.1,2.8,18.0,57.0,1020.0,9.0,9.5,,,2025-11-27 05:00:00,+08:00,1764219600,2025-11-26 22:12:55
13684,126.0,2025-11-24 20:43:16,13684,"Hưng Yên/Nhà văn hóa xã Tân Quang - h.Văn Lâm, Vietnam",https://aqicn.org/city/vietnam/hung-yen/nha-van-hoa-xa-tan-quang-h.van-lam,20.980478,105.974463,84,pm25,84.0,48.0,2.0,25.0,8.0,2.0,14.0,87.0,1024.0,1.5,12.0,,,2025-11-27 04:00:00,+07:00,1764216000,2025-11-26 22:12:55
9857,80.0,2025-11-24 20:43:16,9857,"xīnshì fǔ, Yunfu (云浮新市府)",https://aqicn.org/city/guangdong/yunfu/xinshifu,22.9169,112.0392,72,pm25,72.0,27.0,17.9,4.2,3.1,2.8,12.1,81.9,1016.2,1.0,9.1,,,2025-11-27 05:00:00,+08:00,1764219600,2025-11-26 22:12:56
7914,99.0,2025-11-24 20:43:16,7914,Honghe (红河州),https://aqicn.org/city/honghe,23.36313,103.374799,104,pm25,104.0,48.0,34.2,4.2,3.6,3.7,13.2,52.2,878.9,3.0,,0.7,,2025-11-27 05:00:00,+08:00,1764219600,2025-11-26 22:12:56
14464,93.0,2025-11-24 20:43:16,14464,"石岩子站, Shenzhen (宝安区 石岩街道)",https://aqicn.org/city/shenzhen/shiyanzizhan,22.677317,113.950139,68,pm25,68.0,52.0,20.8,20.6,3.6,5.5,17.0,36.0,1021.0,5.6,2.0,,,2025-11-27 04:00:00,+08:00,1764216000,2025-11-26 22:12:56
14299,76.0,2025-11-24 20:43:16,14299,"龙川老隆,  (河源市龙川老隆)",https://aqicn.org/city/guangdong/heyuanshi/longchuanlaolong,24.111183,115.283371,78,pm25,78.0,45.0,15.1,11.5,2.1,1.9,12.0,54.9,1010.0,3.0,3.2,0.7,,2025-11-27 05:00:00,+08:00,1764219600,2025-11-26 22:12:56
13253,63.0,2025-11-24 20:43:16,13253,"Bắc Ninh/UBND xã Cao Đức - Gia Bình, Vietnam",https://aqicn.org/city/vietnam/bac-ninh/ubnd-xa-cao-duc-gia-binh,21.0832037,106.2807861,70,pm25,70.0,45.0,2.0,,18.0,,14.0,87.0,1024.0,1.5,12.0,,,2025-11-27 05:00:00,+07:00,1764219600,2025-11-26 22:12:56
7026,91.0,2025-11-24 20:43:16,7026,"Jinjuzui, Foshan (佛山金桔咀)",https://aqicn.org/city/guangdong/fushan/jinjieju,22.819722,113.261667,68,pm25,68.0,50.0,30.1,6.4,3.6,2.8,17.0,36.0,1021.0,5.6,2.0,,,2025-11-27 05:00:00,+08:00,1764219600,2025-11-26 22:12:57
14335,85.0,2025-11-24 20:43:16,14335,"郁南城西,  (云浮市郁南城西)",https://aqicn.org/city/guangdong/yunfushi/yunanchengxi,23.232962,111.537261,61,pm25,61.0,40.0,2.1,15.1,3.6,3.7,11.3,78.0,1010.2,2.0,7.6,,,2025-11-27 05:00:00,+08:00,1764219600,2025-11-26 22:12:57
14326,114.0,2025-11-24 20:43:16,14326,"高州教育,  (茂名市高州教育)",https://aqicn.org/city/guangdong/maomingshi/gaozhoujiaoyu,21.919196,110.86338,72,pm25,72.0,42.0,35.0,4.6,6.1,4.6,15.4,41.0,1005.3,3.0,2.2,99.1,,2025-11-27 05:00:00,+08:00,1764219600,2025-11-26 22:12:58
7221,76.0,2025-11-24 20:43:16,7221,"Jinghong City Jiangnan, Xishuangbanna (西双版纳州景洪市江南)",https://aqicn.org/city/china/xishuangbannazhou/jinghongshijiangnan,22.0019,100.7939,85,pm25,85.0,28.0,4.1,4.6,2.1,4.6,13.0,100.0,954.4,1.0,13.0,,,2025-11-27 05:00:00,+08:00,1764219600,2025-11-26 22:12:58
14328,104.0,2025-11-24 20:43:16,14328,"化州博龙,  (茂名市化州博龙)",https://aqicn.org/city/guangdong/maomingshi/huazhoubolong,21.64168,110.662698,82,pm25,82.0,42.0,30.9,5.1,17.3,4.6,14.7,52.9,1014.7,4.0,5.2,,,2025-11-27 05:00:00,+08:00,1764219600,2025-11-26 22:12:58
1660,50.0,2025-11-24 20:43:16,1660,"Guanshan, Taiwan (關山)",https://aqicn.org/city/taiwan/guanshan,23.045083,121.161933,34,pm25,34.0,19.0,20.8,1.4,1.2,1.4,17.6,72.0,1020.0,1.9,14.0,,,2025-11-27 05:00:00,+08:00,1764219600,2025-11-26 22:12:59
1653,65.0,2025-11-24 20:43:16,1653,"Zhushan, Taiwan (竹山)",https://aqicn.org/city/taiwan/jhushan,23.756389,120.677306,76,pm25,76.0,41.0,5.9,14.6,2.2,3.6,18.6,64.5,986.8,0.1,,,,2025-11-27 06:00:00,+08:00,1764223200,2025-11-26 22:13:00
1606,50.0,2025-11-24 20:43:16,1606,"Longtan, Taiwan (龍潭)",https://aqicn.org/city/taiwan/longtan,24.863869,121.21635,30,pm25,30.0,17.0,26.0,6.5,1.9,1.7,16.7,80.0,1020.2,1.7,14.2,,,2025-11-27 06:00:00,+08:00,1764223200,2025-11-26 22:13:00
14312,37.0,2025-11-24 20:43:16,14312,"惠来惠城,  (揭阳市惠来惠城)",https://aqicn.org/city/guangdong/jieyangshi/huilaihuicheng,23.036388,116.289722,122,pm25,122.0,72.0,26.9,8.7,4.6,4.6,14.0,58.0,1021.0,2.5,6.0,,,2025-11-27 05:00:00,+08:00,1764219600,2025-11-26 22:13:00
1628,65.0,2025-11-24 20:43:16,1628,"Xinying, Taiwan (新營)",https://aqicn.org/city/taiwan/sinying,23.305633,120.31725,63,pm25,63.0,34.0,8.4,17.5,3.9,4.6,18.2,75.0,1017.0,2.3,14.0,,,2025-11-27 06:00:00,+08:00,1764223200,2025-11-26 22:13:00
2481,,2025-11-24 20:43:16,2481,"Maezato, Ishigaki, Okinawa, Japan (石垣石垣市)",https://aqicn.org/city/japan/ishigakishi/ishigaki,24.3403337,124.1872098,34,pm25,34.0,,33.6,1.0,,,22.0,64.0,1017.0,8.2,15.0,,,2025-11-27 06:00:00,+09:00,1764223200,2025-11-26 22:13:01
1621,70.0,2025-11-24 20:43:16,1621,"Nantou, Taiwan (南投)",https://aqicn.org/city/taiwan/nantou,23.913,120.685306,59,pm25,59.0,30.0,3.8,17.1,1.2,3.2,17.8,96.0,986.8,2.1,,,,2025-11-27 06:00:00,+08:00,1764223200,2025-11-26 22:13:01
1625,70.0,2025-11-24 20:43:16,1625,"Puzi, Taiwan (朴子)",https://aqicn.org/city/taiwan/puzih,23.465308,120.24735,42,pm25,42.0,28.0,19.9,10.1,2.5,2.0,17.8,78.0,1017.0,1.4,14.0,,,2025-11-27 06:00:00,+08:00,1764223200,2025-11-26 22:13:02
1646,38.0,2025-11-24 20:43:16,1646,"Taitung, Taiwan (台東)",https://aqicn.org/city/taiwan/taitung,22.755358,121.15045,38,pm25,38.0,19.0,24.8,1.5,1.8,1.3,19.7,68.0,1018.5,1.4,14.0,,,2025-11-27 06:00:00,+08:00,1764223200,2025-11-26 22:13:02
1661,78.0,2025-11-24 20:43:16,1661,"Mailiao, Taiwan (麥寮)",https://aqicn.org/city/taiwan/mailiao,23.753506,120.251825,34,pm25,34.0,25.0,26.2,4.3,1.9,1.7,20.8,78.0,1017.0,9.4,16.5,,,2025-11-27 05:00:00,+08:00,1764219600,2025-11-26 22:13:02
1643,82.0,2025-11-24 20:43:16,1643,"Pingtung, Taiwan (屏東)",https://aqicn.org/city/taiwan/pingtung,22.673081,120.488033,72,pm25,72.0,52.0,21.4,7.7,1.8,2.7,22.2,82.0,1016.0,0.9,15.0,,,2025-11-27 06:00:00,+08:00,1764223200,2025-11-26 22:13:03
1610,68.0,2025-11-24 20:43:16,1610,"Toufen, Taiwan (頭份)",https://aqicn.org/city/taiwan/toufen,24.696969,120.898572,34,pm25,34.0,21.0,28.3,8.5,3.2,1.9,19.7,70.2,1020.2,7.2,14.2,,,2025-11-27 06:00:00,+08:00,1764223200,2025-11-26 22:13:03
1622,93.0,2025-11-24 20:43:16,1622,"Douliu, Taiwan (斗六)",https://aqicn.org/city/taiwan/douliou,23.711853,120.544994,63,pm25,63.0,38.0,5.2,16.3,1.9,3.0,17.3,80.0,986.7,0.8,,,,2025-11-27 06:00:00,+08:00,1764223200,2025-11-26 22:13:04
1614,70.0,2025-11-24 20:43:16,1614,"Shalu, Taiwan (沙鹿)",https://aqicn.org/city/taiwan/shalu,24.225628,120.568794,42,pm25,42.0,28.0,28.7,4.5,4.5,1.7,18.0,77.0,1018.0,6.9,14.0,,,2025-11-27 06:00:00,+08:00,1764223200,2025-11-26 22:13:04
1620,59.0,2025-11-24 20:43:16,1620,"Erlin, Taiwan (二林)",https://aqicn.org/city/taiwan/erlin,23.925175,120.409653,39,pm10,38.0,39.0,32.4,5.7,2.8,1.8,19.9,68.0,1018.0,7.0,14.0,,,2025-11-27 06:00:00,+08:00,1764223200,2025-11-26 22:13:04
2486,25.0,2025-11-24 20:43:16,2486,"Hirara, Miyakojima, Okinawa, Japan (平良宮古島市)",https://aqicn.org/city/japan/miyakojimashi/taira,24.8035377,125.2879675,30,pm25,30.0,9.0,39.2,1.0,,,21.0,64.0,1018.0,5.6,14.0,,,2025-11-27 06:00:00,+09:00,1764223200,2025-11-26 22:13:05
12582,78.0,2025-11-24 20:43:16,12582,"Central/TaiChung City/Houli, Taiwan",https://aqicn.org/city/taiwan/central/taichung-city/houli,24.3074,120.7145,89,pm25,89.0,42.0,26.4,8.4,4.3,4.3,17.7,73.0,1018.0,1.7,14.0,,,2025-11-27 05:00:00,+08:00,1764219600,2025-11-26 22:13:06
12593,112.0,2025-11-24 20:43:16,12593,"Yun-Chia-Nan/Tainan City/Chengxili, Taiwan",https://aqicn.org/city/taiwan/yun-chia-nan/tainan-city/chengxili,23.0426,120.1547,99,pm25,99.0,62.0,11.2,14.9,3.8,5.8,20.0,68.0,1017.0,2.3,14.0,,,2025-11-27 05:00:00,+08:00,1764219600,2025-11-26 22:13:06
1647,25.0,2025-11-24 20:43:16,1647,"Hualien, Taiwan (花蓮)",https://aqicn.org/city/taiwan/hualien,23.971306,121.599769,19,pm10,5.0,19.0,15.1,1.6,1.3,1.6,18.0,72.0,1019.6,2.5,,,,2025-11-27 06:00:00,+08:00,1764223200,2025-11-26 22:13:07
1611,65.0,2025-11-24 20:43:16,1611,"Miaoli, Taiwan (苗栗)",https://aqicn.org/city/taiwan/miaoli,24.565269,120.8202,46,pm25,46.0,15.0,26.4,6.4,2.2,1.6,18.5,70.0,1018.0,2.3,14.0,,,2025-11-27 06:00:00,+08:00,1764223200,2025-11-26 22:13:07
1650,68.0,2025-11-24 20:43:16,1650,"Dongshan, Taiwan (冬山)",https://aqicn.org/city/taiwan/dongshan,24.632203,121.792928,34,pm25,34.0,11.0,17.4,1.8,0.6,1.3,16.9,82.0,1020.0,1.7,14.0,,,2025-11-27 05:00:00,+08:00,1764219600,2025-11-26 22:13:07
1632,74.0,2025-11-24 20:43:16,1632,"Meinong, Taiwan (美濃)",https://aqicn.org/city/taiwan/meinong,22.883583,120.530542,78,pm25,78.0,40.0,13.0,7.0,0.8,2.9,20.0,68.0,1017.0,2.3,14.0,,,2025-11-27 06:00:00,+08:00,1764223200,2025-11-26 22:13:07
13260,153.0,2025-11-24 20:43:16,13260,"Kao-ping/CPC Dalin A1, Taiwan",https://aqicn.org/city/taiwan/kao-ping/cpc-dalin-a1,22.532316,120.336613,87,pm25,87.0,,7.3,12.1,3.6,19.7,19.6,80.0,1017.1,0.3,15.0,,,2025-11-27 05:00:00,+08:00,1764219600,2025-11-26 22:13:08
1645,50.0,2025-11-24 20:43:16,1645,"Hengchun, Taiwan (恆春)",https://aqicn.org/city/taiwan/hengchun,21.958069,120.788928,38,pm25,38.0,10.0,31.1,0.1,1.2,1.4,16.6,93.0,1016.0,4.2,15.0,,,2025-11-27 06:00:00,+08:00,1764223200,2025-11-26 22:13:09
12618,147.0,2025-11-24 20:43:16,12618,"Kao-ping/CPC Linyuan Q1, Taiwan",https://aqicn.org/city/taiwan/kao-ping/cpc-linyuan-q1,22.48904,120.409161,107,pm25,107.0,,4.8,4.7,5.3,2.6,21.5,68.0,1016.0,1.3,15.0,,,2025-11-27 06:00:00,+08:00,1764223200,2025-11-26 22:13:09
12594,55.0,2025-11-24 20:43:16,12594,"Yun-Chia-Nan/Tainan City/Nanxi, Taiwan",https://aqicn.org/city/taiwan/yun-chia-nan/tainan-city/nanxi,23.1771,120.4921,59,pm25,59.0,53.0,12.1,6.5,1.9,3.8,20.0,68.0,1017.0,2.3,14.0,,,2025-11-27 05:00:00,+08:00,1764219600,2025-11-26 22:13:09
1656,76.0,2025-11-24 20:43:16,1656,"Puli, Taiwan (埔里)",https://aqicn.org/city/taiwan/puli,23.968842,120.967903,91,pm25,91.0,39.0,8.4,5.0,1.6,3.5,16.7,91.0,986.8,0.3,,,,2025-11-27 06:00:00,+08:00,1764223200,2025-11-26 22:13:10
14646,42.0,2025-11-24 20:43:16,14646,"Hua-Tung/Taitung County/Fengli, Taiwan",https://aqicn.org/city/taiwan/hua-tung/taitung-county/fengli,22.73681667,121.12183611,31,o3,30.0,27.0,31.2,1.0,0.9,2.0,20.6,59.0,1018.0,2.5,14.0,,,2025-11-27 05:00:00,+08:00,1764219600,2025-11-26 22:13:10
1638,117.0,2025-11-24 20:43:16,1638,"Nanzi, Taiwan (楠梓)",https://aqicn.org/city/taiwan/nanzih,22.733667,120.328289,91,pm25,91.0,62.0,2.4,20.2,4.2,4.2,25.0,66.0,1016.0,0.8,15.0,,,2025-11-27 06:00:00,+08:00,1764223200,2025-11-26 22:13:11
1627,68.0,2025-11-24 20:43:16,1627,"Chiayi, Taiwan (嘉義)",https://aqicn.org/city/taiwan/chiayi,23.462778,120.440833,74,pm25,74.0,54.0,0.4,24.3,4.3,4.0,18.8,78.0,1017.0,0.8,14.0,,,2025-11-27 05:00:00,+08:00,1764219600,2025-11-26 22:13:11
